Cycle No,Shift,Start Time,End Time,Duration,Power in kWh,Unit Consumption Per Heat Cycle
1,Shift 1,2023-04-11 00:54:23,2023-04-11 05:17:37,263.2333333333333,2468.76,914.3557759642388
2,Shift 3,2023-04-11 16:50:57,2023-04-11 18:14:38,83.68333333333334,1814.41,672.0038295950745
3,Shift 3,2023-04-11 18:14:38,2023-04-11 19:15:31,60.88333333333333,1287.44,476.8296794030391
4,Shift 3,2023-04-11 19:15:31,2023-04-11 20:37:29,81.96666666666667,1867.86,691.8001336119337
5,Shift 3,2023-04-11 20:37:29,2023-04-11 23:34:31,177.03333333333333,2792.67,1034.32248941795
6,Shift 3,2023-04-11 23:34:31,2023-04-12 01:54:31,140.0,2184.96,809.2446238597553
1,Shift 1,2023-04-12 01:54:31,2023-04-12 06:11:47,257.26666666666665,1787.73,662.1223442598116
2,Shift 1,2023-04-12 06:11:47,2023-04-12 07:59:50,108.05,1783.4,660.5186399306629
3,Shift 1,2023-04-12 07:59:50,2023-04-12 10:14:21,134.51666666666668,2127.67,788.0260970660066
4,Shift 2,2023-04-12 10:14:21,2023-04-12 11:51:02,96.68333333333334,2074.18,768.2149782285547
5,Shift 2,2023-04-12 11:51:02,2023-04-12 14:10:04,139.03333333333333,1864.62,690.6001331439332
6,Shift 2,2023-04-12 14:10:04,2023-04-12 14:36:17,26.216666666666665,669.32,247.89625678562055
7,Shift 3,2023-04-12 16:44:56,2023-04-12 16:52:27,7.516666666666667,12.56,4.6517174757523305
8,Shift 3,2023-04-12 16:52:27,2023-04-12 18:37:56,105.48333333333332,1666.58,617.2519563899801
9,Shift 3,2023-04-12 18:37:56,2023-04-12 23:11:33,273.6166666666667,2299.23,851.5668625876599
10,Shift 3,2023-04-12 23:11:33,2023-04-13 00:41:37,90.06666666666666,1747.04,647.0519680119912
1,Shift 1,2023-04-13 00:41:37,2023-04-13 03:10:47,149.16666666666666,2205.15,816.7224045538692
2,Shift 1,2023-04-13 03:10:47,2023-04-13 05:31:33,140.76666666666668,1359.69,503.5889490984193
3,Shift 1,2023-04-13 05:31:33,2023-04-13 07:46:08,134.58333333333334,2102.41,778.6705378617809
4,Shift 1,2023-04-13 07:46:08,2023-04-13 10:10:21,144.21666666666667,2200.06,814.837218633461
5,Shift 2,2023-04-13 10:10:21,2023-04-13 13:29:38,199.28333333333333,1666.62,617.2667712105726
6,Shift 2,2023-04-13 13:29:38,2023-04-13 15:29:49,120.18333333333334,2095.47,776.100166488965
7,Shift 2,2023-04-13 15:29:49,2023-04-13 18:00:10,150.35,1806.4,669.0371617714068
8,Shift 3,2023-04-13 18:00:10,2023-04-13 20:23:47,143.61666666666667,2110.14,781.5335019413004
9,Shift 3,2023-04-13 20:23:47,2023-04-13 21:44:48,81.01666666666667,1224.19,453.4037443409933
10,Shift 3,2023-04-13 21:44:48,2023-04-13 23:22:36,97.8,1270.07,470.39634356070326
11,Shift 3,2023-04-13 23:22:36,2023-04-14 03:09:47,227.1833333333333,3155.77,1168.804023347259
1,Shift 1,2023-04-14 03:09:47,2023-04-14 04:47:58,98.18333333333334,1950.62,722.4519974180192
2,Shift 1,2023-04-14 04:47:58,2023-04-14 06:08:28,80.5,1896.56,702.4297673871229
3,Shift 1,2023-04-14 06:08:28,2023-04-14 07:45:43,97.25,940.9,348.48148119906534
4,Shift 2,2023-04-14 13:17:37,2023-04-14 14:38:27,80.83333333333333,1259.87,466.61856430959074
5,Shift 2,2023-04-14 14:38:27,2023-04-14 16:28:50,110.38333333333334,1315.62,487.2667205105244
6,Shift 3,2023-04-14 16:28:50,2023-04-14 18:07:57,99.11666666666666,1796.27,665.2853084563313
7,Shift 3,2023-04-14 18:07:57,2023-04-14 19:57:16,109.31666666666666,2247.3,832.3335217533195
8,Shift 3,2023-04-14 19:57:16,2023-04-14 21:07:54,70.63333333333334,1375.08,509.2889513214215
9,Shift 3,2023-04-14 21:07:54,2023-04-14 22:38:25,90.51666666666668,1594.03,590.3815755401553
10,Shift 3,2023-04-14 22:38:25,2023-04-15 01:38:24,179.98333333333332,2732.53,1012.0484066569788
1,Shift 1,2023-04-15 01:38:24,2023-04-15 03:17:13,98.81666666666666,1824.15,675.6112384093723
2,Shift 1,2023-04-15 03:17:13,2023-04-15 04:48:16,91.05,1656.16,613.3926956256083
3,Shift 1,2023-04-15 04:48:16,2023-04-15 06:57:40,129.4,2370.35,877.9076136012992
4,Shift 1,2023-04-15 06:57:40,2023-04-15 08:30:01,92.35,2246.29,831.9594475333563
5,Shift 2,2023-04-15 08:30:01,2023-04-15 10:56:05,146.06666666666666,2299.89,851.8113071274377
6,Shift 2,2023-04-15 10:56:05,2023-04-15 14:04:43,188.63333333333333,1682.97,623.3223291277972
7,Shift 2,2023-04-15 14:04:43,2023-04-15 15:52:11,107.46666666666668,1960.03,725.937183962428
8,Shift 2,2023-04-15 15:52:11,2023-04-15 19:11:08,198.95,2572.03,952.603939029179
9,Shift 3,2023-04-15 19:11:08,2023-04-15 20:20:54,69.76666666666667,1381.36,511.61487815445935
10,Shift 3,2023-04-15 20:20:54,2023-04-15 21:31:37,70.71666666666667,1054.6,390.5926087335254
11,Shift 3,2023-04-15 21:31:37,2023-04-15 22:52:12,80.58333333333333,1699.2,629.3334425832439
12,Shift 3,2023-04-15 22:52:12,2023-04-16 00:29:16,97.06666666666666,1860.76,689.1705029567476
1,Shift 1,2023-04-16 00:29:16,2023-04-16 01:53:08,83.86666666666666,2172.32,804.5631405524942
2,Shift 1,2023-04-16 01:53:08,2023-04-16 04:51:18,178.16666666666666,3968.58,1469.844881494001
3,Shift 1,2023-04-16 04:51:18,2023-04-16 07:12:27,141.15,1841.58,682.0667964825968
4,Shift 1,2023-04-16 07:12:28,2023-04-16 10:06:18,173.83333333333334,2441.52,904.2668831406794
5,Shift 2,2023-04-16 10:06:19,2023-04-16 12:47:36,161.28333333333333,2066.25,765.2779400460722
6,Shift 2,2023-04-16 12:47:36,2023-04-16 14:29:36,102.0,1094.68,405.4370589673088
7,Shift 2,2023-04-16 14:29:37,2023-04-16 16:41:52,132.25,2256.41,835.7075971432835
8,Shift 3,2023-04-16 16:41:52,2023-04-16 19:26:49,164.95,2247.7,832.4816699592453
9,Shift 3,2023-04-16 19:26:49,2023-04-16 20:58:58,92.15,1881.29,696.7742096258986
10,Shift 3,2023-04-16 20:58:59,2023-04-16 23:42:05,163.1,1086.32,402.34076146345575
11,Shift 3,2023-04-16 23:42:05,2023-04-17 01:02:04,79.98333333333333,1590.16,588.9482416478215
1,Shift 1,2023-04-17 01:02:04,2023-04-17 03:11:42,129.63333333333333,1474.09,545.9593359932499
2,Shift 1,2023-04-17 03:11:42,2023-04-17 07:48:31,276.81666666666666,3228.79,1195.848478339047
3,Shift 1,2023-04-17 07:48:31,2023-04-17 09:59:07,130.6,1405.35,520.50006680487
4,Shift 2,2023-04-17 09:59:07,2023-04-17 13:02:33,183.4333333333333,2048.54,758.7186782286993
5,Shift 2,2023-04-17 13:02:33,2023-04-17 14:36:10,93.61666666666666,1900.01,703.7075456632344
6,Shift 2,2023-04-17 14:36:10,2023-04-17 17:14:56,158.76666666666668,1996.68,739.511263330396
7,Shift 3,2023-04-17 17:14:57,2023-04-17 20:29:04,194.11666666666667,1966.46,728.3186663726881
8,Shift 3,2023-04-17 20:29:04,2023-04-17 21:48:38,79.56666666666666,940.46,348.3185181725468
9,Shift 3,2023-04-17 21:48:38,2023-04-18 00:17:49,149.18333333333334,2141.88,793.289062081527
1,Shift 1,2023-04-18 00:17:49,2023-04-18 03:20:12,182.38333333333333,2149.55,796.1298039301578
2,Shift 1,2023-04-18 03:20:12,2023-04-18 05:41:27,141.25,1874.37,694.211245663379
3,Shift 1,2023-04-18 05:41:27,2023-04-18 07:47:27,126.0,2556.59,946.885418280436
4,Shift 2,2023-04-18 11:34:27,2023-04-18 11:52:28,18.016666666666666,135.42,50.155438925917394
5,Shift 2,2023-04-18 11:52:28,2023-04-18 14:44:46,172.3,1078.8,399.5555751920473
6,Shift 2,2023-04-18 14:44:47,2023-04-18 17:14:22,149.58333333333334,817.5,302.7777596709002
7,Shift 3,2023-04-18 17:14:22,2023-04-18 18:49:22,95.0,200.29,74.18137422196337
1,Shift 2,2023-04-19 14:47:43,2023-04-20 15:24:09,1476.4333333333334,22575.32,8361.23275432197
1,Shift 3,2023-04-20 16:24:05,2023-04-21 08:06:20,942.25,13102.84,4852.905460147629
1,Shift 3,2023-04-21 20:15:22,2023-04-24 11:03:39,3768.283333333333,38499.45,14259.0609804022
1,Shift 2,2023-04-24 11:05:25,2023-04-24 17:25:04,379.65,2552.7,945.4446769778058
1,Shift 2,2023-04-25 10:13:40,2023-04-25 11:14:09,60.48333333333333,443.87,164.39622422058952
2,Shift 2,2023-04-25 11:14:09,2023-04-25 14:21:09,187.0,2218.05,821.500184194982
3,Shift 2,2023-04-25 14:21:09,2023-04-25 16:25:45,124.6,2224.82,824.0075925802793
1,Shift 3,2023-04-26 16:28:47,2023-04-26 16:38:39,9.866666666666667,5.9,2.185049847084746
2,Shift 3,2023-04-26 16:38:39,2023-04-26 19:02:36,143.95,2287.02,847.0446386017693
3,Shift 3,2023-04-26 19:02:36,2023-04-27 03:43:50,521.2333333333333,4990.21,1848.2265105444008
1,Shift 1,2023-04-27 03:43:50,2023-04-27 04:14:40,30.83333333333333,194.56,72.0591511720737
2,Shift 1,2023-04-27 04:14:40,2023-04-27 06:54:08,159.46666666666667,1931.4,715.3334761232759
3,Shift 1,2023-04-27 06:54:08,2023-04-27 10:18:18,204.16666666666663,3828.29,1417.885601970611
4,Shift 2,2023-04-27 10:18:18,2023-04-27 11:40:55,82.61666666666666,1552.16,574.8741620848533
5,Shift 2,2023-04-27 11:40:55,2023-04-27 12:41:27,60.53333333333333,1050.49,389.070385917636
6,Shift 2,2023-04-27 12:41:27,2023-04-27 13:54:32,73.08333333333333,1841.78,682.1408705855598
7,Shift 2,2023-04-27 13:54:32,2023-04-27 15:14:13,79.68333333333334,1505.5,557.5926738635876
8,Shift 2,2023-04-27 15:14:14,2023-04-27 15:25:53,11.65,78.31,29.00357882483546
9,Shift 2,2023-04-27 15:46:07,2023-04-27 16:01:48,15.683333333333334,235.04,87.05174961178297
10,Shift 3,2023-04-27 16:01:48,2023-04-27 17:02:36,60.8,951.07,352.24814933473345
11,Shift 3,2023-04-27 17:19:09,2023-04-27 18:12:59,53.833333333333336,183.29,67.88507547010917
12,Shift 3,2023-04-27 18:12:59,2023-04-27 19:47:01,94.03333333333332,1853.52,686.4890204294874
13,Shift 3,2023-04-27 19:47:01,2023-04-28 00:36:58,289.95,3217.29,1191.5892174186752
1,Shift 1,2023-04-28 00:36:58,2023-04-28 06:42:34,365.6,2548.35,943.8335652383608
2,Shift 1,2023-04-28 06:42:34,2023-04-28 09:25:17,162.71666666666667,2409.84,892.5335452313418
3,Shift 2,2023-04-28 09:25:17,2023-04-28 11:30:12,124.91666666666669,1900.97,704.0631013574568
4,Shift 2,2023-04-28 11:30:12,2023-04-28 12:37:40,67.46666666666667,1559.15,577.4630519834099
5,Shift 2,2023-04-28 12:37:40,2023-04-28 15:21:07,163.45,2759.84,1022.1632254165752
6,Shift 2,2023-04-28 15:21:07,2023-04-28 16:15:43,54.6,916.04,339.2740702007656
7,Shift 3,2023-04-28 16:51:40,2023-04-28 17:58:30,66.83333333333333,288.92,107.00731295001262
8,Shift 3,2023-04-28 17:58:30,2023-04-28 18:35:54,37.4,1313.98,486.6593128662279
9,Shift 3,2023-04-28 20:20:02,2023-04-28 20:35:50,15.8,16.13,5.97394021364171
10,Shift 3,2023-04-28 20:35:50,2023-04-28 23:03:41,147.85,2378.8,881.0372444514857
11,Shift 3,2023-04-28 23:03:41,2023-04-29 00:53:19,109.63333333333334,2028.28,751.2149715985485
1,Shift 1,2023-04-29 00:53:19,2023-04-29 03:26:28,153.15,1965.72,728.0445921917251
2,Shift 1,2023-04-29 07:00:17,2023-04-29 10:04:27,184.16666666666663,2330.97,863.3224227278863
3,Shift 2,2023-04-29 10:04:28,2023-04-29 12:03:05,118.61666666666666,1626.35,602.3519505789745
4,Shift 2,2023-04-29 12:03:05,2023-04-29 17:46:14,343.15,3408.26,1262.3188746328867
5,Shift 3,2023-04-29 17:46:14,2023-04-29 19:34:54,108.66666666666669,1584.19,586.7371296743762
6,Shift 3,2023-04-29 19:34:54,2023-04-29 22:29:56,175.03333333333333,2118.16,784.5038734701163
7,Shift 3,2023-04-29 22:29:56,2023-04-30 00:06:35,96.65,1249.49,462.7741183658116
1,Shift 1,2023-04-30 00:06:35,2023-04-30 01:47:58,101.38333333333334,1846.75,683.9816120441901
2,Shift 1,2023-04-30 01:47:59,2023-04-30 03:39:51,111.86666666666666,1840.37,681.6186481596707
3,Shift 1,2023-04-30 03:39:52,2023-04-30 05:22:46,102.9,1670.33,618.6408458205361
4,Shift 1,2023-04-30 05:22:46,2023-04-30 07:02:05,99.31666666666666,1739.07,644.100115008916
1,Shift 1,2023-05-02 06:11:40,2023-05-02 09:20:29,188.81666666666663,1911.5,707.9631028784582
2,Shift 3,2023-05-02 16:54:56,2023-05-02 17:24:38,29.7,67.54,25.01468838027842
3,Shift 3,2023-05-02 20:37:59,2023-05-02 20:38:18,0.3166666666666666,11.19,4.144309870455845
4,Shift 3,2023-05-02 20:38:18,2023-05-02 22:09:46,91.46666666666668,1586.05,587.426018831932
5,Shift 3,2023-05-02 22:09:46,2023-05-02 22:58:59,49.21666666666667,1389.4,514.5926570935716
1,Shift 2,2023-05-03 10:26:11,2023-05-03 10:56:52,30.683333333333334,90.22,33.41469165628154
2,Shift 2,2023-05-03 10:56:52,2023-05-03 11:15:15,18.383333333333333,524.12,194.11845803448944
3,Shift 2,2023-05-03 11:37:24,2023-05-03 11:58:20,20.933333333333334,217.58,80.58508042311391
4,Shift 2,2023-05-03 11:58:20,2023-05-03 13:28:14,89.9,1274.35,471.9815293641113
5,Shift 2,2023-05-03 13:28:14,2023-05-03 14:40:12,71.96666666666667,1619.35,599.7593569752698
6,Shift 3,2023-05-03 16:11:04,2023-05-03 16:37:05,26.016666666666666,46.96,17.3924631853867
7,Shift 3,2023-05-03 16:37:05,2023-05-03 18:34:12,117.11666666666666,1959.35,725.6853320123537
8,Shift 3,2023-05-03 18:34:12,2023-05-03 21:09:34,155.36666666666667,2955.61,1094.6706611018983
9,Shift 3,2023-05-03 21:09:34,2023-05-03 22:01:45,52.18333333333333,1322.85,489.9444993326365
10,Shift 3,2023-05-03 22:35:23,2023-05-03 22:45:48,10.416666666666666,3.7,1.3702347144918507
11,Shift 3,2023-05-03 22:45:48,2023-05-04 00:35:15,109.45,1712.01,634.0778888780234
1,Shift 1,2023-05-04 00:35:15,2023-05-04 02:39:26,124.18333333333334,1951.34,722.7186641886859
2,Shift 1,2023-05-04 02:39:26,2023-05-04 05:52:41,193.25,2158.28,799.3631385244923
3,Shift 1,2023-05-04 05:52:41,2023-05-04 08:55:24,182.71666666666667,1822.35,674.9445714827052
4,Shift 2,2023-05-04 08:55:24,2023-05-04 11:41:55,166.51666666666668,2198.59,814.2927739766831
5,Shift 2,2023-05-04 11:41:55,2023-05-04 14:03:27,141.53333333333333,1811.94,671.0890144234817
6,Shift 2,2023-05-04 14:03:27,2023-05-04 16:02:53,119.43333333333334,1712.66,634.3186297126532
7,Shift 3,2023-05-04 16:02:53,2023-05-04 17:45:39,102.76666666666668,1687.43,624.9741816238719
8,Shift 3,2023-05-04 17:45:39,2023-05-04 19:23:04,97.41666666666669,1765.02,653.7112298683641
9,Shift 3,2023-05-04 19:23:04,2023-05-04 23:00:52,217.8,2057.92,762.1927536576636
10,Shift 3,2023-05-04 23:00:52,2023-05-04 23:10:56,10.066666666666666,207.3,76.77767153081619
1,Shift 2,2023-05-05 13:57:14,2023-05-05 13:57:36,0.3666666666666666,0.01,0.0035675148246757
2,Shift 3,2023-05-05 22:04:04,2023-05-06 00:19:59,135.91666666666666,1575.14,583.3852765153009
1,Shift 1,2023-05-06 00:19:59,2023-05-06 02:14:09,114.16666666666669,2050.3,759.3705303347738
2,Shift 1,2023-05-06 02:14:09,2023-05-06 04:05:23,111.23333333333332,1932.11,715.5964391887944
3,Shift 1,2023-05-06 04:05:23,2023-05-06 07:40:16,214.88333333333333,2438.14,903.0150308006048
4,Shift 1,2023-05-06 07:40:16,2023-05-06 09:27:48,107.53333333333332,1245.88,461.4370808073296
5,Shift 2,2023-05-06 09:27:49,2023-05-06 14:13:02,285.21666666666664,2781.74,1030.2743396910223
6,Shift 2,2023-05-06 14:13:02,2023-05-06 16:00:21,107.31666666666666,1362.12,504.4889494494197
7,Shift 3,2023-05-06 16:00:21,2023-05-06 20:21:44,261.3833333333333,2451.5,907.9631808785326
8,Shift 3,2023-05-06 20:21:44,2023-05-06 22:13:05,111.35,1957.95,725.1668132916128
9,Shift 3,2023-05-06 22:13:05,2023-05-07 00:07:12,114.11666666666666,1920.85,711.4260671919781
1,Shift 1,2023-05-07 00:07:12,2023-05-07 01:56:09,108.95,1819.71,673.9667933235938
2,Shift 1,2023-05-07 01:56:09,2023-05-07 04:10:11,134.03333333333333,1944.32,720.118663174685
3,Shift 1,2023-05-07 04:10:11,2023-05-07 06:17:11,127.0,1917.79,710.2927334166443
1,Shift 1,2023-05-08 05:35:02,2023-05-08 05:53:39,18.616666666666667,258.36,95.68879001726766
2,Shift 2,2023-05-08 09:23:36,2023-05-08 11:41:05,137.48333333333332,2210.08,818.5483311919068
3,Shift 2,2023-05-08 11:41:05,2023-05-08 13:33:26,112.35,1963.29,727.1445918407247
4,Shift 2,2023-05-08 13:33:26,2023-05-08 15:56:38,143.2,1737.09,643.3667813895823
5,Shift 2,2023-05-08 15:56:38,2023-05-08 17:46:11,109.55,1850.49,685.3667977695981
6,Shift 3,2023-05-08 17:46:11,2023-05-08 19:38:09,111.96666666666668,1933.33,716.0482912168687
7,Shift 3,2023-05-08 19:38:09,2023-05-08 21:35:20,117.18333333333334,2177.68,806.5483265119022
8,Shift 3,2023-05-08 21:35:20,2023-05-09 02:53:31,318.18333333333334,3912.23,1448.9745029841783
1,Shift 1,2023-05-09 02:53:31,2023-05-09 04:49:00,115.48333333333332,1232.5,456.4815233191055
2,Shift 1,2023-05-09 04:49:01,2023-05-09 07:08:45,139.73333333333332,1325.3,490.8519070939331
3,Shift 1,2023-05-09 07:08:45,2023-05-09 10:20:03,191.3,2754.48,1020.178039457167
4,Shift 2,2023-05-09 10:20:03,2023-05-09 11:18:09,58.1,1552.38,574.9556435981126
5,Shift 2,2023-05-09 11:18:09,2023-05-09 12:32:51,74.7,1724.61,638.7445573646918
6,Shift 2,2023-05-09 12:32:51,2023-05-09 14:38:51,126.0,1424.57,527.6185880996135
7,Shift 2,2023-05-09 14:38:51,2023-05-09 17:00:56,142.08333333333334,2339.58,866.5113128604431
8,Shift 3,2023-05-09 17:00:56,2023-05-09 18:37:16,96.33333333333331,2014.66,746.1705251867688
9,Shift 3,2023-05-09 18:37:16,2023-05-10 01:07:29,390.2166666666666,3494.86,1294.3929612158615
1,Shift 1,2023-05-10 01:07:30,2023-05-10 03:11:05,123.58333333333331,1932.49,715.7371799844242
2,Shift 1,2023-05-10 03:11:05,2023-05-10 06:35:16,204.1833333333333,2911.87,1078.4706547838923
3,Shift 1,2023-05-10 06:35:16,2023-05-10 08:42:20,127.06666666666666,2058.88,762.548309351886
4,Shift 2,2023-05-10 08:42:20,2023-05-10 11:10:28,148.13333333333333,1955.13,724.1223684398348
5,Shift 2,2023-05-10 11:10:28,2023-05-10 14:09:22,178.9,1587.27,587.8778708600063
6,Shift 2,2023-05-10 14:09:22,2023-05-10 17:29:16,199.9,3084.59,1142.441050102731
7,Shift 3,2023-05-10 17:29:16,2023-05-10 19:24:28,115.2,2043.19,756.7371959744394
8,Shift 3,2023-05-10 19:24:28,2023-05-10 20:26:32,62.06666666666667,1218.43,451.2704101756592
9,Shift 3,2023-05-10 20:26:33,2023-05-10 21:21:37,55.06666666666667,972.18,360.0666709024771
10,Shift 3,2023-05-10 21:21:37,2023-05-11 00:14:57,173.33333333333334,2247.35,832.35204027906
1,Shift 1,2023-05-11 00:14:57,2023-05-11 05:15:31,300.56666666666666,2843.06,1052.9854596594755
2,Shift 1,2023-05-11 05:15:31,2023-05-11 07:06:50,111.31666666666666,1645.84,609.570471912718
3,Shift 1,2023-05-11 07:06:50,2023-05-11 08:04:14,57.4,1210.65,448.3889275703988
4,Shift 2,2023-05-11 11:58:08,2023-05-11 13:41:24,103.26666666666668,1997.74,739.9038560760998
5,Shift 2,2023-05-11 13:41:24,2023-05-11 15:12:25,91.01666666666668,1477.85,547.3519291289541
6,Shift 2,2023-05-11 15:12:25,2023-05-11 18:57:16,224.85,3787.93,1402.9374479926796
7,Shift 3,2023-05-11 18:57:16,2023-05-11 19:50:10,52.9,412.67,152.84066415836298
8,Shift 3,2023-05-11 19:50:10,2023-05-11 23:48:14,238.06666666666663,2690.93,996.6409932406768
9,Shift 3,2023-05-11 23:48:14,2023-05-12 01:59:25,131.18333333333334,1605.4,594.5926882936013
1,Shift 1,2023-05-12 01:59:25,2023-05-12 04:59:45,180.33333333333331,2137.3,791.5927651236747
2,Shift 1,2023-05-12 04:59:45,2023-05-12 07:30:58,151.21666666666667,1789.88,662.9186408666638
3,Shift 1,2023-05-12 07:30:58,2023-05-12 10:14:37,163.65,2180.24,807.4964750298285
4,Shift 2,2023-05-12 10:14:37,2023-05-12 11:56:58,102.35,2204.35,816.4261081420171
5,Shift 2,2023-05-12 11:56:58,2023-05-12 12:37:18,40.333333333333336,982.8,364.0000057698119
6,Shift 2,2023-05-12 12:37:18,2023-05-12 13:50:19,73.01666666666667,792.27,293.43331158211896
7,Shift 2,2023-05-12 13:50:19,2023-05-12 17:26:06,215.78333333333333,1961.4,726.4445915677245
8,Shift 3,2023-05-12 17:26:06,2023-05-12 18:54:18,88.2,1823.22,675.2667938305943
9,Shift 3,2023-05-12 18:54:18,2023-05-12 21:53:35,179.28333333333333,2366.15,876.3520574390765
10,Shift 3,2023-05-12 21:53:35,2023-05-13 00:45:11,171.6,1950.33,722.3445899687229
1,Shift 1,2023-05-13 00:45:11,2023-05-13 02:35:48,110.61666666666666,1930.36,714.9482907878682
2,Shift 1,2023-05-13 02:35:48,2023-05-13 11:06:39,510.85,2457.12,910.0446631717926
3,Shift 2,2023-05-13 11:06:39,2023-05-13 12:38:06,91.45,1779.91,659.2260468339588
4,Shift 2,2023-05-13 12:38:06,2023-05-13 14:14:34,96.46666666666668,2004.41,742.3742274099155
5,Shift 2,2023-05-13 14:14:34,2023-05-13 15:57:32,102.96666666666668,1413.3,523.444512397649
6,Shift 2,2023-05-13 15:57:32,2023-05-13 17:33:37,96.08333333333331,1914.45,709.0556958971624
7,Shift 3,2023-05-13 17:33:37,2023-05-13 19:14:08,100.51666666666668,2072.04,767.4223853268508
8,Shift 3,2023-05-13 19:14:08,2023-05-13 22:05:12,171.06666666666666,2429.43,899.7891036165666
9,Shift 3,2023-05-13 22:05:12,2023-05-13 22:42:24,37.2,1006.84,372.9037129459633
10,Shift 3,2023-05-13 22:45:07,2023-05-13 22:56:09,11.033333333333331,91.94,34.05172894176326
11,Shift 3,2023-05-13 22:56:09,2023-05-14 00:01:04,64.91666666666667,213.5,79.0739687226689
1,Shift 1,2023-05-14 00:01:04,2023-05-14 02:05:09,124.08333333333331,1968.91,729.2260741339848
2,Shift 1,2023-05-14 02:05:09,2023-05-14 04:21:28,136.31666666666666,1962.28,726.7705176207616
3,Shift 1,2023-05-14 04:21:28,2023-05-14 06:29:26,127.96666666666668,1927.62,713.9334755772753
4,Shift 1,2023-05-14 06:29:26,2023-05-14 07:50:28,81.03333333333333,547.59,202.8110540171964
5,Shift 1,2023-05-14 07:50:28,2023-05-15 11:12:08,1641.6666666666667,2701.58,1000.585439223456
1,Shift 2,2023-05-15 11:12:08,2023-05-15 13:57:07,164.98333333333332,1514.59,560.9593418432554
2,Shift 2,2023-05-15 13:57:07,2023-05-15 15:04:50,67.71666666666667,1530.01,566.6704551817021
3,Shift 2,2023-05-15 15:29:03,2023-05-15 15:38:57,9.9,71.96,26.65172605576051
4,Shift 2,2023-05-15 15:38:57,2023-05-15 18:16:50,157.88333333333333,1392.27,515.6556204710905
5,Shift 3,2023-05-15 18:16:50,2023-05-16 00:38:54,382.06666666666666,3705.44,1372.3855842255944
1,Shift 1,2023-05-16 00:38:54,2023-05-16 01:46:36,67.7,1336.66,495.059316142231
2,Shift 1,2023-05-16 01:46:36,2023-05-16 04:02:49,136.21666666666667,2232.6,826.8890751855395
3,Shift 1,2023-05-16 04:02:49,2023-05-16 06:28:15,145.43333333333334,2117.48,784.2520215200423
4,Shift 1,2023-05-16 06:28:15,2023-05-16 08:16:27,108.2,1971.56,730.2075559982443
5,Shift 2,2023-05-16 08:16:27,2023-05-16 10:16:13,119.76666666666668,2164.21,801.5594356773449
6,Shift 2,2023-05-16 10:16:13,2023-05-16 15:05:41,289.46666666666664,2397.81,888.0779879381179
7,Shift 2,2023-05-16 15:05:41,2023-05-16 18:40:09,214.46666666666667,2412.59,893.5520641470829
8,Shift 3,2023-05-16 18:40:09,2023-05-16 22:04:46,204.61666666666667,2634.77,975.840985128669
9,Shift 3,2023-05-16 22:04:46,2023-05-17 00:39:24,154.63333333333333,1815.38,672.3630889944451
1,Shift 1,2023-05-17 00:39:24,2023-05-17 03:22:17,162.88333333333333,1585.65,587.277870626006
2,Shift 1,2023-05-17 03:22:17,2023-05-17 05:21:15,118.96666666666668,1250.4,463.1111555342932
3,Shift 1,2023-05-17 05:21:15,2023-05-17 07:15:41,114.43333333333334,2177.61,806.5224005758654
4,Shift 1,2023-05-17 07:15:41,2023-05-17 10:01:17,165.6,2527.09,935.959488093395
5,Shift 2,2023-05-17 10:01:17,2023-05-17 12:16:56,135.65,1898.31,703.077915788049
6,Shift 2,2023-05-17 12:16:56,2023-05-17 12:55:59,39.05,361.05,133.72213818361513
7,Shift 2,2023-05-17 13:08:29,2023-05-17 15:05:18,116.81666666666666,1371.45,507.9445063526432
8,Shift 2,2023-05-17 15:05:18,2023-05-17 17:59:11,173.88333333333333,2102.73,778.7890564265217
9,Shift 3,2023-05-17 17:59:11,2023-05-17 18:14:34,15.383333333333333,573.33,212.34439106853327
10,Shift 3,2023-05-17 21:41:01,2023-05-17 22:33:37,52.6,133.77,49.54432757647273
11,Shift 3,2023-05-17 22:33:37,2023-05-18 03:30:51,297.2333333333333,2492.17,923.0261497160568
1,Shift 1,2023-05-18 07:44:16,2023-05-18 09:42:26,118.16666666666669,2344.86,868.4668691786661
2,Shift 2,2023-05-18 09:42:26,2023-05-18 12:25:57,163.51666666666668,2322.5,860.1853844674038
3,Shift 2,2023-05-18 12:25:57,2023-05-18 14:21:41,115.73333333333332,1863.32,690.1186514746738
4,Shift 2,2023-05-18 14:21:41,2023-05-18 16:36:00,134.31666666666666,1740.16,644.5038188700644
5,Shift 3,2023-05-18 16:36:00,2023-05-18 19:05:11,149.18333333333334,1847.03,684.0853157883383
6,Shift 3,2023-05-18 19:05:11,2023-05-18 23:37:19,272.1333333333333,3524.35,1305.3151876977545
7,Shift 3,2023-05-18 23:37:19,2023-05-19 01:57:29,140.16666666666666,1893.98,701.4742114589003
1,Shift 1,2023-05-19 01:57:29,2023-05-19 04:12:13,134.73333333333332,1624.96,601.8371355633818
2,Shift 1,2023-05-19 04:12:13,2023-05-19 06:58:11,165.96666666666667,2167.76,802.8742510049381
3,Shift 1,2023-05-19 06:58:11,2023-05-19 10:16:57,198.76666666666668,3199.61,1185.0410667167469
4,Shift 2,2023-05-19 10:47:26,2023-05-19 10:47:58,0.5333333333333333,18.72,6.933199847012437
5,Shift 2,2023-05-19 10:47:58,2023-05-19 13:06:50,138.86666666666667,1946.3,720.8519967940186
6,Shift 2,2023-05-19 13:06:50,2023-05-19 14:37:05,90.25,1746.82,646.9704864987319
7,Shift 2,2023-05-19 14:37:05,2023-05-19 16:46:36,129.51666666666668,2191.46,811.6520322060525
8,Shift 3,2023-05-19 16:46:36,2023-05-19 18:49:03,122.45,1837.95,680.7223515138186
9,Shift 3,2023-05-19 18:49:03,2023-05-19 22:54:03,245.0,3596.33,1331.9744573541348
10,Shift 3,2023-05-19 22:54:03,2023-05-20 01:55:27,181.4,2466.39,913.4779978441272
1,Shift 1,2023-05-20 01:55:27,2023-05-20 04:03:43,128.26666666666668,1708.27,632.6927031526155
2,Shift 1,2023-05-20 04:03:43,2023-05-20 08:11:55,248.2,2630.67,974.3224660179276
3,Shift 2,2023-05-20 08:11:55,2023-05-20 09:55:08,103.21666666666668,1848.52,684.6371678554126
1,Shift 2,2023-05-23 13:06:55,2023-05-23 13:17:58,11.05,41.51,15.373943879645203
2,Shift 2,2023-05-23 13:17:58,2023-05-23 14:54:36,96.63333333333334,1697.44,628.6815904771696
1,Shift 1,2023-05-25 02:17:11,2023-05-25 08:50:35,393.4,2519.51,933.1520795910976
2,Shift 2,2023-05-25 08:50:35,2023-05-25 09:25:20,34.75,531.74,196.9406813573794
3,Shift 2,2023-05-25 10:10:18,2023-05-25 11:50:06,99.8,627.21,232.2999544067629
4,Shift 2,2023-05-25 11:50:06,2023-05-25 15:00:44,190.63333333333333,2045.63,757.6409000305879
5,Shift 2,2023-05-25 15:00:44,2023-05-25 16:35:24,94.66666666666669,1247.88,462.17782183695954
6,Shift 3,2023-05-25 16:42:41,2023-05-25 16:43:13,0.5333333333333333,2.45,0.90727157097316
7,Shift 3,2023-05-25 17:01:49,2023-05-25 17:17:01,15.2,492.22,182.30363861189247
8,Shift 3,2023-05-25 17:17:01,2023-05-25 17:41:45,24.73333333333333,584.92,216.6369853352385
9,Shift 3,2023-05-25 17:46:59,2023-05-25 18:35:11,48.2,648.73,240.27032788558068
10,Shift 3,2023-05-25 18:35:11,2023-05-25 20:37:43,122.53333333333332,1539.39,570.1445306106664
11,Shift 3,2023-05-25 20:37:44,2023-05-25 22:07:18,89.56666666666666,1668.1,617.8149195724989
12,Shift 3,2023-05-25 22:07:18,2023-05-26 00:07:15,119.95,1611.5,596.8519484339726
1,Shift 1,2023-05-26 00:07:15,2023-05-26 01:54:07,106.86666666666666,1993.68,738.4001517859512
2,Shift 1,2023-05-26 01:54:08,2023-05-26 04:41:50,167.7,1588.3,588.2593524902657
3,Shift 1,2023-05-26 04:41:50,2023-05-26 07:11:17,149.45,2305.52,853.8964931258458
4,Shift 1,2023-05-26 07:11:17,2023-05-26 09:12:57,121.66666666666669,2151.09,796.7001745229728
5,Shift 2,2023-05-26 09:12:57,2023-05-26 11:10:58,118.01666666666668,2037.67,754.6927507326609
6,Shift 2,2023-05-26 11:10:58,2023-05-26 13:31:44,140.76666666666668,2239.92,829.600187353985
7,Shift 2,2023-05-26 13:31:44,2023-05-26 15:44:23,132.65,1993.13,738.1964480028029
8,Shift 2,2023-05-26 15:44:23,2023-05-26 17:47:27,123.06666666666666,1926.3,713.4445864977196
9,Shift 3,2023-05-26 17:47:27,2023-05-26 21:34:15,226.8,2097.75,776.9446112627433
10,Shift 3,2023-05-26 21:34:15,2023-05-27 00:37:15,183.0,1848.22,684.5260567009681
1,Shift 1,2023-05-28 03:49:00,2023-05-28 09:12:54,323.9,2456.15,909.6854037724222
2,Shift 2,2023-05-28 09:12:54,2023-05-28 13:00:04,227.16666666666663,1968.94,729.2371852494292
3,Shift 2,2023-05-28 13:00:04,2023-05-28 16:42:52,222.8,1644.35,609.0186198456437
4,Shift 3,2023-05-28 16:42:52,2023-05-28 18:23:54,101.03333333333332,1497.08,554.4741541288456
5,Shift 3,2023-05-28 18:23:54,2023-05-28 21:34:18,190.4,2194.49,812.7742548659417
6,Shift 3,2023-05-28 21:34:18,2023-05-28 22:23:17,48.98333333333333,1269.73,470.2704175856662
7,Shift 3,2023-05-28 22:33:06,2023-05-28 23:17:07,44.016666666666666,172.63,63.93692578218178
8,Shift 3,2023-05-28 23:17:07,2023-05-29 01:34:55,137.8,2399.5,888.7039141081551
1,Shift 1,2023-05-29 01:34:55,2023-05-29 03:13:40,98.75,1663.3,616.0371411013871
2,Shift 1,2023-05-29 03:13:40,2023-05-29 05:48:29,154.81666666666666,2042.27,756.3964551008096
3,Shift 1,2023-05-29 05:48:29,2023-05-29 07:33:35,105.1,1867.92,691.8223558428227
4,Shift 1,2023-05-29 07:33:35,2023-05-29 10:16:00,162.41666666666666,2429.11,899.6705850518259
5,Shift 2,2023-05-29 10:16:00,2023-05-29 12:00:56,104.93333333333334,1448.65,536.5371100963575
6,Shift 2,2023-05-29 15:32:34,2023-05-29 15:45:31,12.95,69.62,25.785059051093523
7,Shift 2,2023-05-29 15:45:31,2023-05-29 17:15:49,90.3,2102.33,778.6409082205956
8,Shift 3,2023-05-29 17:15:50,2023-05-29 18:43:08,87.3,2066.46,765.3557178541834
9,Shift 3,2023-05-29 18:43:09,2023-05-29 20:09:33,86.4,1885.92,698.4890251094919
10,Shift 3,2023-05-29 20:09:33,2023-05-29 21:20:52,71.31666666666666,1583.49,586.4778703140057
11,Shift 3,2023-05-29 21:20:52,2023-05-29 22:09:49,48.95,1547.11,573.0037909850377
12,Shift 3,2023-05-29 22:28:41,2023-05-29 23:02:16,33.583333333333336,198.96,73.68878143725948
13,Shift 3,2023-05-29 23:02:16,2023-05-30 00:22:14,79.96666666666667,1665.28,616.7704747207207
1,Shift 1,2023-05-30 00:22:14,2023-05-30 02:48:11,145.95,2120.62,785.4149849365612
2,Shift 1,2023-05-30 02:48:12,2023-05-30 05:00:43,132.51666666666668,1912.11,708.1890288924953
3,Shift 1,2023-05-30 05:00:43,2023-05-30 07:12:45,132.03333333333333,1917.0,710.0001407099405
4,Shift 1,2023-05-30 07:12:45,2023-05-30 10:04:56,172.18333333333334,2188.48,810.5483280719038
5,Shift 2,2023-05-30 10:04:56,2023-05-30 10:54:04,49.13333333333333,1647.79,610.2926944166071
6,Shift 2,2023-05-30 11:52:19,2023-05-30 12:02:52,10.55,33.34,12.348016773607045
7,Shift 2,2023-05-30 12:02:52,2023-05-30 15:22:54,200.03333333333333,1958.46,725.3557022541685
8,Shift 2,2023-05-30 15:22:54,2023-05-30 16:46:12,83.3,1647.01,610.0038054150515
9,Shift 3,2023-05-30 16:46:12,2023-05-30 18:17:32,91.33333333333331,2067.44,765.7186809587021
10,Shift 3,2023-05-30 18:17:32,2023-05-30 20:45:35,148.05,2108.93,781.0853536183743
11,Shift 3,2023-05-30 20:45:35,2023-05-30 22:51:39,126.06666666666666,1912.44,708.3112511623843
12,Shift 3,2023-05-30 22:51:40,2023-05-31 01:34:31,162.85,2042.29,756.4038625111059
1,Shift 1,2023-05-31 01:34:31,2023-05-31 03:22:01,107.5,2009.67,744.3223763178422
2,Shift 1,2023-05-31 03:22:01,2023-05-31 06:14:54,172.88333333333333,1879.43,696.0853204683428
3,Shift 3,2023-05-31 22:25:58,2023-06-01 08:44:02,618.0666666666667,2229.74,825.8298155131687
1,Shift 2,2023-06-01 15:02:25,2023-06-01 17:54:35,172.16666666666666,2929.81,1085.1151018196726
2,Shift 3,2023-06-01 17:54:35,2023-06-01 19:45:44,111.15,1908.64,706.9038432060876
3,Shift 3,2023-06-01 19:45:44,2023-06-01 21:17:09,91.41666666666669,1861.45,689.4260586119699
4,Shift 3,2023-06-01 21:17:09,2023-06-01 22:56:15,99.1,1720.06,637.0593715222838
5,Shift 3,2023-06-01 22:56:15,2023-06-02 02:13:07,196.86666666666667,2329.52,862.7853854814048
1,Shift 1,2023-06-02 02:13:07,2023-06-02 05:15:51,182.7333333333333,3267.77,1210.285521006534
2,Shift 1,2023-06-02 05:15:51,2023-06-02 08:07:49,171.96666666666667,2334.98,864.8076084922944
3,Shift 2,2023-06-02 08:07:49,2023-06-02 10:01:54,114.08333333333331,2012.75,745.4631175034723
4,Shift 2,2023-06-02 10:01:54,2023-06-02 13:28:42,206.8,2510.76,929.9113375864667
5,Shift 3,2023-06-02 19:18:20,2023-06-02 22:15:31,177.18333333333334,2445.91,905.8928097007172
6,Shift 3,2023-06-02 22:15:31,2023-06-03 01:25:47,190.26666666666668,2055.63,761.3446051787374
1,Shift 1,2023-06-03 01:25:47,2023-06-03 04:01:32,155.75,2239.91,829.5964836488369
2,Shift 1,2023-06-03 04:01:32,2023-06-03 07:12:35,191.05,2212.79,819.5520352870553
3,Shift 1,2023-06-03 07:12:35,2023-06-03 09:22:29,129.9,2148.46,795.7261000690095
4,Shift 2,2023-06-03 09:22:29,2023-06-03 11:16:18,113.81666666666666,2042.45,756.4631217934764
5,Shift 2,2023-06-03 11:16:18,2023-06-03 13:53:28,157.16666666666666,1212.38,449.0296685610287
6,Shift 2,2023-06-03 13:53:28,2023-06-03 16:59:08,185.66666666666663,1890.61,700.2260628239738
7,Shift 3,2023-06-03 16:59:08,2023-06-03 18:53:53,114.75,1671.49,619.0704756177215
8,Shift 3,2023-06-03 19:03:27,2023-06-03 19:04:02,0.5833333333333334,21.12,7.822089082568324
9,Shift 3,2023-06-03 19:04:02,2023-06-03 20:33:16,89.23333333333333,651.28,241.2147726983588
10,Shift 3,2023-06-03 20:33:16,2023-06-03 22:27:10,113.9,2097.25,776.7594260053357
11,Shift 3,2023-06-03 22:27:10,2023-06-04 00:52:27,145.28333333333333,1259.0,466.2963419617018
1,Shift 1,2023-06-04 00:52:27,2023-06-04 02:56:53,124.43333333333334,1308.23,484.5296824060419
2,Shift 1,2023-06-04 02:56:53,2023-06-04 05:23:39,146.76666666666668,2234.83,827.7150014335768
3,Shift 1,2023-06-04 05:23:39,2023-06-04 07:40:10,136.51666666666668,2746.57,1017.2484086849807
4,Shift 1,2023-06-04 07:40:10,2023-06-04 08:36:10,56.0,286.77,106.21101634316044
5,Shift 2,2023-06-04 08:36:10,2023-06-04 10:30:48,114.63333333333334,897.87,332.54443794657794
6,Shift 2,2023-06-04 10:30:48,2023-06-04 12:42:01,131.21666666666667,2305.68,853.9557524082162
7,Shift 2,2023-06-04 12:42:01,2023-06-04 14:28:20,106.31666666666666,1871.6,693.1853193373416
8,Shift 2,2023-06-04 14:28:20,2023-06-04 15:40:57,72.61666666666666,1153.41,427.18891930239096
9,Shift 2,2023-06-04 15:40:57,2023-06-04 18:21:21,160.4,2256.51,835.7446341947651
10,Shift 3,2023-06-04 18:21:21,2023-06-04 21:47:53,206.53333333333333,2116.39,783.8483176588938
11,Shift 3,2023-06-04 21:47:53,2023-06-05 01:06:40,198.78333333333333,1868.88,692.177911537045
1,Shift 1,2023-06-05 01:06:40,2023-06-05 12:30:51,684.1833333333333,4967.69,1839.885766550768
2,Shift 2,2023-06-05 12:30:51,2023-06-05 14:18:25,107.56666666666666,1602.98,593.6963916477491
3,Shift 2,2023-06-05 14:18:25,2023-06-05 16:59:35,161.16666666666666,1817.63,673.1964226527788
4,Shift 3,2023-06-05 16:59:35,2023-06-05 19:29:19,149.73333333333332,2050.82,759.5631230024776
5,Shift 3,2023-06-05 19:29:19,2023-06-05 23:08:47,219.46666666666667,2026.53,750.5668231976223
6,Shift 3,2023-06-05 23:08:47,2023-06-06 01:06:15,117.46666666666668,1957.52,725.0075539702424
1,Shift 1,2023-06-06 01:06:15,2023-06-06 02:47:50,101.58333333333331,1727.07,639.6556688311366
2,Shift 1,2023-06-06 02:47:50,2023-06-06 05:36:55,169.08333333333334,2052.94,760.3483084938852
3,Shift 1,2023-06-06 05:36:55,2023-06-06 07:16:36,99.68333333333334,1469.12,544.1185945346195
4,Shift 1,2023-06-06 07:16:37,2023-06-06 09:02:07,105.5,1328.12,491.8963519457112
5,Shift 2,2023-06-06 09:02:07,2023-06-06 12:24:30,202.38333333333333,3326.74,1232.1262702651716
6,Shift 2,2023-06-06 12:24:30,2023-06-06 15:13:21,168.85,1875.05,694.4630976134532
7,Shift 2,2023-06-06 15:13:21,2023-06-06 17:02:02,108.68333333333334,1951.3,722.7038493680934
8,Shift 3,2023-06-06 19:57:02,2023-06-06 22:03:32,126.5,1422.78,526.9556248780947
9,Shift 3,2023-06-06 22:03:32,2023-06-06 22:58:53,55.35,684.22,253.41477745636337
10,Shift 3,2023-06-06 22:58:53,2023-06-07 00:27:59,89.1,1047.08,387.807422462117
1,Shift 1,2023-06-07 00:27:59,2023-06-07 03:05:00,157.01666666666668,1436.87,532.1741454318374
2,Shift 1,2023-06-07 03:05:00,2023-06-07 05:17:59,132.98333333333332,1960.28,726.0297765911316
3,Shift 1,2023-06-07 05:17:59,2023-06-07 06:49:20,91.35,1841.15,681.9075371612264
4,Shift 1,2023-06-07 06:49:20,2023-06-07 09:13:30,144.16666666666666,2443.87,905.1372538504944
5,Shift 2,2023-06-07 09:13:30,2023-06-07 10:38:45,85.25,1121.24,415.2740998407939
6,Shift 2,2023-06-07 10:38:45,2023-06-07 13:40:42,181.95,2268.9,840.3335248733224
7,Shift 2,2023-06-07 13:40:42,2023-06-07 16:21:20,160.63333333333333,982.86,364.0222280007008
8,Shift 3,2023-06-07 16:21:20,2023-06-07 18:48:59,147.65,2241.3,830.1112986644297
9,Shift 3,2023-06-07 18:48:59,2023-06-07 21:24:13,155.23333333333332,2164.79,801.7742505759376
10,Shift 3,2023-06-07 21:24:14,2023-06-08 00:27:50,183.6,2326.72,861.7483480399228
1,Shift 1,2023-06-08 00:27:50,2023-06-08 02:39:27,131.61666666666667,1573.53,582.7889799864488
2,Shift 1,2023-06-08 02:39:27,2023-06-08 04:43:24,123.95,2011.17,744.8779320900646
3,Shift 1,2023-06-08 04:43:24,2023-06-08 06:26:21,102.95,1748.42,647.5630793224359
1,Shift 1,2023-06-09 01:57:35,2023-06-09 06:46:59,289.4,2274.6,842.4446368077676
2,Shift 1,2023-06-09 06:46:59,2023-06-09 08:49:40,122.68333333333334,2083.54,771.6816462472227
3,Shift 2,2023-06-09 08:49:40,2023-06-09 11:19:55,150.25,1927.67,713.9519941030161
4,Shift 2,2023-06-09 11:19:55,2023-06-09 13:22:50,122.91666666666669,1921.19,711.5519931670152
5,Shift 2,2023-06-09 13:22:50,2023-06-09 14:55:07,92.28333333333332,1863.09,690.0334662562664
6,Shift 2,2023-06-09 14:55:07,2023-06-09 17:16:21,141.23333333333332,2155.35,798.2779529160845
7,Shift 3,2023-06-09 17:16:21,2023-06-09 19:07:33,111.2,1918.33,710.4927334946444
8,Shift 3,2023-06-09 19:07:33,2023-06-09 22:04:59,177.43333333333334,2249.02,832.9705590388011
9,Shift 3,2023-06-09 22:04:59,2023-06-10 01:30:02,205.05,2735.17,1013.0261848160902
1,Shift 1,2023-06-10 01:30:02,2023-06-10 03:36:54,126.86666666666666,1713.31,634.5593705472828
2,Shift 1,2023-06-10 03:36:55,2023-06-10 05:17:43,100.8,2042.2,756.3705291647726
3,Shift 1,2023-06-10 05:17:43,2023-06-10 06:27:14,69.51666666666667,1678.45,621.6482544008336
4,Shift 2,2023-06-10 13:51:11,2023-06-10 18:04:38,253.45,2454.43,909.0483664869404
5,Shift 3,2023-06-10 18:04:38,2023-06-10 20:47:03,162.41666666666666,2271.22,841.192784467693
6,Shift 3,2023-06-10 20:47:03,2023-06-11 00:02:56,195.88333333333333,2030.99,752.2186756936969
1,Shift 1,2023-06-11 00:02:56,2023-06-11 02:28:08,145.2,1167.09,432.25558794505946
2,Shift 1,2023-06-11 02:28:08,2023-06-11 04:32:13,124.08333333333331,1789.73,662.8630852894415
3,Shift 1,2023-06-11 04:32:13,2023-06-11 06:41:17,129.06666666666666,1653.76,612.5038063900524
1,Shift 1,2023-06-12 04:40:43,2023-06-12 07:08:29,147.76666666666668,1616.5,598.7038010080473
2,Shift 1,2023-06-12 07:08:30,2023-06-12 09:41:00,152.5,2090.74,774.3483139538903
3,Shift 2,2023-06-12 09:41:00,2023-06-12 12:10:54,149.9,2129.24,788.607578774266
4,Shift 2,2023-06-12 12:10:54,2023-06-12 13:30:19,79.41666666666667,1717.84,636.2371489793945
5,Shift 2,2023-06-12 13:30:19,2023-06-12 15:34:20,124.01666666666668,2292.99,849.2557505752145
6,Shift 2,2023-06-12 15:34:20,2023-06-12 17:08:24,94.06666666666666,1345.63,498.3815396601211
7,Shift 3,2023-06-12 17:08:24,2023-06-12 20:29:33,201.15,2055.43,761.2705310757743
8,Shift 3,2023-06-12 20:29:33,2023-06-12 22:46:04,136.51666666666668,1897.01,702.5964341187896
9,Shift 3,2023-06-12 22:46:05,2023-06-13 01:28:49,162.73333333333332,2207.33,817.5298122761657
1,Shift 1,2023-06-13 01:28:49,2023-06-13 04:16:03,167.23333333333332,1904.0,705.1853240173461
2,Shift 1,2023-06-13 04:16:03,2023-06-13 06:14:30,118.45,2101.19,778.2186858337067
3,Shift 1,2023-06-13 06:14:30,2023-06-13 08:53:36,159.1,2114.85,783.2779470660788
4,Shift 2,2023-06-13 08:53:36,2023-06-13 10:49:39,116.05,1735.04,642.6075218342118
5,Shift 2,2023-06-13 12:34:39,2023-06-13 13:19:01,44.36666666666667,214.63,79.49248740440979
6,Shift 2,2023-06-13 13:19:01,2023-06-13 14:14:20,55.31666666666667,1128.98,418.1407676254617
1,Shift 2,2023-06-14 10:33:48,2023-06-14 10:56:22,22.566666666666663,297.56,110.2073141980138
2,Shift 2,2023-06-14 10:56:22,2023-06-14 11:54:43,58.35,1260.58,466.8815273751094
3,Shift 2,2023-06-14 15:31:05,2023-06-14 15:51:56,20.85,314.51,116.48509442412724
4,Shift 2,2023-06-14 15:51:56,2023-06-14 17:30:01,98.08333333333331,505.35,187.1666034714128
5,Shift 3,2023-06-14 18:01:45,2023-06-14 18:11:21,9.6,148.35,54.94432968247473
6,Shift 3,2023-06-14 18:11:21,2023-06-14 19:47:08,95.78333333333332,1524.41,564.5963802987384
1,Shift 2,2023-06-15 10:49:57,2023-06-15 11:00:05,10.133333333333333,18.22,6.748014589604961
2,Shift 2,2023-06-15 13:00:50,2023-06-15 13:34:37,33.78333333333333,235.95,87.38878678026457
3,Shift 2,2023-06-15 13:34:37,2023-06-15 15:23:48,109.18333333333334,1522.91,564.040824526516
4,Shift 2,2023-06-15 15:23:48,2023-06-15 18:26:08,182.33333333333331,2142.84,793.6446177757495
5,Shift 3,2023-06-15 18:26:08,2023-06-15 23:44:30,318.3666666666667,2227.39,824.9594448033536
6,Shift 3,2023-06-15 23:44:30,2023-06-16 01:51:03,126.55,1781.56,659.8371581834033
1,Shift 1,2023-06-16 01:51:03,2023-06-16 04:10:50,139.78333333333333,2030.2,751.9260829869932
2,Shift 1,2023-06-16 04:10:50,2023-06-16 07:08:19,177.48333333333332,2063.28,764.1779396170718
3,Shift 1,2023-06-16 07:08:19,2023-06-16 09:21:37,133.3,2237.02,828.5261128610216
4,Shift 2,2023-06-16 09:21:37,2023-06-16 11:43:13,141.6,1241.38,459.7704134906624
5,Shift 2,2023-06-16 11:43:13,2023-06-16 14:06:42,143.48333333333332,2034.63,753.5668243676234
6,Shift 2,2023-06-16 14:06:42,2023-06-16 16:29:16,142.56666666666666,1823.4,675.333460523261
7,Shift 3,2023-06-16 16:29:16,2023-06-16 18:18:48,109.53333333333332,1886.63,698.7519881750104
8,Shift 3,2023-06-16 18:18:48,2023-06-16 20:02:12,103.4,1654.03,612.6038064290525
9,Shift 3,2023-06-16 20:02:13,2023-06-16 22:38:56,156.71666666666667,1950.52,722.4149603665377
10,Shift 3,2023-06-16 22:38:56,2023-06-17 00:54:49,135.88333333333333,2024.29,749.7371932444368
1,Shift 1,2023-06-17 00:54:50,2023-06-17 04:19:41,204.85,2283.78,845.8446381337689
2,Shift 1,2023-06-17 04:19:41,2023-06-17 05:48:23,88.7,1665.03,616.677882092017
3,Shift 1,2023-06-17 05:48:23,2023-06-17 08:00:08,131.75,1794.32,664.5630859524422
4,Shift 2,2023-06-17 08:00:09,2023-06-17 09:57:42,117.55,1768.72,655.0816007731794
5,Shift 2,2023-06-17 09:57:42,2023-06-17 13:33:24,215.7,2545.38,942.7335648093604
6,Shift 2,2023-06-17 13:33:24,2023-06-17 15:11:40,98.26666666666668,973.73,360.6407452004403
7,Shift 2,2023-06-17 15:11:40,2023-06-17 17:50:27,158.78333333333333,2211.81,819.1890721825366
8,Shift 3,2023-06-17 17:50:27,2023-06-17 19:59:19,128.86666666666667,2081.82,771.0446089617411
9,Shift 3,2023-06-17 19:59:19,2023-06-17 22:50:41,171.36666666666667,2839.91,1051.8187925378083
10,Shift 3,2023-06-17 22:50:41,2023-06-18 01:48:33,177.86666666666667,1941.36,719.0223664508327
1,Shift 1,2023-06-18 01:48:33,2023-06-18 04:21:40,153.11666666666667,1743.14,645.6075230042129
2,Shift 3,2023-06-18 22:16:46,2023-06-19 13:29:14,912.4666666666668,3683.89,1364.404099631332
1,Shift 2,2023-06-19 13:29:14,2023-06-19 15:47:00,137.76666666666668,1820.64,674.3112379023718
2,Shift 2,2023-06-19 15:47:00,2023-06-19 18:39:36,172.6,2191.83,811.789069296534
3,Shift 3,2023-06-19 18:39:36,2023-06-19 21:16:34,156.96666666666667,1924.47,712.7668084556083
4,Shift 3,2023-06-19 21:16:34,2023-06-19 23:16:32,119.96666666666668,1876.94,695.1630978864536
5,Shift 3,2023-06-19 23:16:32,2023-06-20 02:11:47,175.25,2271.33,841.2335252243226
1,Shift 1,2023-06-20 02:11:47,2023-06-20 05:36:49,205.03333333333333,2170.01,803.7075846632717
2,Shift 1,2023-06-20 05:36:49,2023-06-20 07:28:39,111.83333333333331,2135.98,791.1038760441188
3,Shift 1,2023-06-20 07:28:39,2023-06-20 09:57:11,148.53333333333333,1691.46,626.4667747985761
4,Shift 2,2023-06-20 09:57:11,2023-06-20 13:15:51,198.66666666666663,2280.74,844.7187117687313
5,Shift 2,2023-06-20 13:15:51,2023-06-20 15:09:00,113.15,1679.85,622.1667731215745
6,Shift 2,2023-06-20 15:09:00,2023-06-20 18:47:08,218.13333333333333,2092.48,774.9927586496684
7,Shift 3,2023-06-20 18:47:08,2023-06-20 20:28:12,101.06666666666666,1568.25,580.8334236682258
8,Shift 3,2023-06-20 20:28:12,2023-06-20 23:21:43,173.51666666666668,2069.96,766.6520146560357
9,Shift 3,2023-06-20 23:21:43,2023-06-21 01:00:08,98.41666666666669,1316.79,487.7000540128578
1,Shift 1,2023-06-21 01:00:08,2023-06-21 03:28:46,148.63333333333333,2003.55,742.0557087671747
2,Shift 1,2023-06-21 03:28:46,2023-06-21 06:42:03,193.28333333333333,2016.76,746.9483032678802
3,Shift 1,2023-06-21 06:42:03,2023-06-21 09:36:32,174.48333333333332,2019.06,747.8001554519545
4,Shift 2,2023-06-21 09:36:33,2023-06-21 12:26:56,170.38333333333333,2249.53,833.1594480013567
5,Shift 2,2023-06-21 12:26:56,2023-06-21 15:54:24,207.46666666666667,2017.2,747.1112662943988
6,Shift 2,2023-06-21 15:54:24,2023-06-21 19:56:49,242.41666666666663,2874.03,1064.455834503295
7,Shift 3,2023-06-21 20:42:59,2023-06-21 20:58:51,15.866666666666667,117.4,43.48136224895195
8,Shift 3,2023-06-21 20:58:51,2023-06-21 23:14:14,135.38333333333333,1201.32,444.93337066717527
9,Shift 3,2023-06-21 23:14:14,2023-06-22 00:36:39,82.41666666666667,1824.52,675.7482754998537
1,Shift 1,2023-06-22 00:36:39,2023-06-22 01:57:44,81.08333333333333,352.21,130.44806283265095
2,Shift 1,2023-06-22 01:57:44,2023-06-22 03:35:14,97.5,1623.88,601.4371354073817
3,Shift 1,2023-06-22 03:35:14,2023-06-22 07:10:22,215.13333333333333,1629.47,603.5075065851972
4,Shift 2,2023-06-22 12:38:12,2023-06-22 14:56:03,137.85,1705.59,631.7001101729114
5,Shift 2,2023-06-22 14:56:03,2023-06-22 19:21:09,265.1,2586.91,958.1150522896252
6,Shift 3,2023-06-22 19:21:09,2023-06-22 23:02:28,221.31666666666663,2020.53,748.3446001087326
7,Shift 3,2023-06-22 23:02:28,2023-06-23 01:05:40,123.2,2321.42,859.7853843114036
1,Shift 1,2023-06-23 01:05:40,2023-06-23 04:12:53,187.21666666666667,2242.72,830.6372247954668
2,Shift 1,2023-06-23 04:12:53,2023-06-23 07:13:48,180.91666666666663,2261.1,837.4446348577657
3,Shift 1,2023-06-23 07:13:48,2023-06-23 10:01:14,167.43333333333334,2236.16,828.2075942182807
4,Shift 2,2023-06-23 10:01:14,2023-06-23 12:11:57,130.71666666666667,1790.68,663.2149372785158
5,Shift 2,2023-06-23 12:22:01,2023-06-23 12:22:09,0.1333333333333333,2.73,1.0109753151213463
6,Shift 2,2023-06-23 12:22:10,2023-06-23 13:59:26,97.26666666666668,1405.18,520.4371038173515
7,Shift 2,2023-06-23 13:59:26,2023-06-23 16:23:29,144.05,2167.04,802.6075842342713
8,Shift 3,2023-06-23 16:23:29,2023-06-23 18:41:03,137.56666666666666,2359.95,874.0557602472237
9,Shift 3,2023-06-23 18:41:03,2023-06-23 19:14:59,33.93333333333333,969.28,358.9925964095137
10,Shift 3,2023-06-23 19:14:59,2023-06-23 20:54:36,99.61666666666666,1174.92,435.1555890760606
11,Shift 3,2023-06-23 20:54:36,2023-06-23 22:59:56,125.33333333333331,2000.11,740.7816341962113
12,Shift 3,2023-06-23 22:59:56,2023-06-24 01:18:24,138.46666666666667,2057.81,762.152012901034
1,Shift 1,2023-06-24 01:18:24,2023-06-24 01:26:55,8.516666666666667,307.0,113.70361185786696
2,Shift 1,2023-06-24 01:26:55,2023-06-24 05:18:53,231.96666666666667,2313.71,856.9298276421804
3,Shift 1,2023-06-24 05:18:53,2023-06-24 07:58:34,159.68333333333334,2011.99,745.1816359122129
4,Shift 1,2023-06-24 07:58:34,2023-06-24 11:06:07,187.55,1965.04,727.7927402416508
5,Shift 2,2023-06-24 11:06:07,2023-06-24 13:10:32,124.41666666666669,1792.5,663.8890116154789
6,Shift 2,2023-06-24 13:10:32,2023-06-24 13:34:52,24.33333333333333,805.02,298.1555356460096
7,Shift 2,2023-06-24 14:28:45,2023-06-24 14:44:45,16.0,297.33,110.12212897960636
8,Shift 2,2023-06-24 14:44:45,2023-06-24 15:09:52,25.116666666666667,106.77,39.544323676469006
9,Shift 2,2023-06-24 15:09:52,2023-06-24 16:41:15,91.38333333333334,1968.98,729.2520000700217
10,Shift 3,2023-06-24 16:41:15,2023-06-24 16:54:43,13.466666666666669,163.34,60.49618369955088
11,Shift 3,2023-06-24 16:54:43,2023-06-24 18:59:51,125.13333333333334,1927.88,714.0297719111272
12,Shift 3,2023-06-24 18:59:51,2023-06-24 19:21:29,21.633333333333333,59.38,21.99246497938841
13,Shift 3,2023-06-24 19:21:29,2023-06-24 20:34:12,72.71666666666667,1760.13,651.900118050919
14,Shift 3,2023-06-24 20:34:12,2023-06-24 21:30:46,56.56666666666667,1313.57,486.5074609551537
15,Shift 3,2023-06-24 21:30:46,2023-06-24 22:03:50,33.06666666666667,507.1,187.81475187233897
16,Shift 3,2023-06-24 22:03:50,2023-06-24 23:13:11,69.35,359.39,133.10732312902232
17,Shift 3,2023-06-24 23:13:12,2023-06-24 23:41:32,28.33333333333333,1027.71,380.6333455901514
18,Shift 3,2023-06-24 23:41:32,2023-06-25 01:09:50,88.3,1034.26,383.0592724621893
1,Shift 1,2023-06-25 01:09:50,2023-06-25 02:00:25,50.583333333333336,205.19,75.99618974455663
2,Shift 1,2023-06-25 05:44:49,2023-06-25 06:27:33,42.73333333333333,1.24,0.4591232480470673
3,Shift 1,2023-06-25 06:27:33,2023-06-25 07:12:27,44.9,1.2,0.4443084274544692
4,Shift 1,2023-06-25 07:12:27,2023-06-25 07:30:35,18.133333333333333,0.56,0.2072712979728996
5,Shift 1,2023-06-25 07:30:35,2023-06-25 09:16:33,105.96666666666668,2.9,1.0739383026398883
6,Shift 2,2023-06-25 09:16:33,2023-06-25 09:41:07,24.566666666666663,0.73,0.2702342854914416
7,Shift 2,2023-06-25 09:41:07,2023-06-25 19:51:42,610.5833333333334,2701.65,1000.6113651594932
8,Shift 3,2023-06-25 19:51:42,2023-06-25 21:39:41,107.98333333333332,1960.9,726.259406310317
9,Shift 3,2023-06-25 21:39:41,2023-06-25 23:00:31,80.83333333333333,1769.41,655.3371564284017
10,Shift 3,2023-06-25 23:00:31,2023-06-26 00:20:39,80.13333333333334,1768.46,654.9853044393275
1,Shift 1,2023-06-26 03:48:23,2023-06-26 05:07:22,78.98333333333333,1862.38,689.7705031907478
2,Shift 1,2023-06-26 05:07:22,2023-06-26 05:33:57,26.58333333333333,56.74,21.014686820276932
3,Shift 1,2023-06-26 05:33:58,2023-06-26 07:37:50,123.86666666666666,1776.27,657.8778981600323
4,Shift 1,2023-06-26 07:37:51,2023-06-26 08:54:52,77.01666666666667,1424.02,527.4148843164652
5,Shift 2,2023-06-26 08:54:52,2023-06-26 12:00:34,185.7,2236.38,828.2890757315402
6,Shift 2,2023-06-26 12:00:34,2023-06-26 13:47:09,106.58333333333331,1947.0,721.1112561543891
7,Shift 2,2023-06-26 13:47:09,2023-06-26 15:11:24,84.25,1277.67,473.21115947329696
8,Shift 2,2023-06-26 15:11:24,2023-06-26 16:52:46,101.36666666666666,1958.48,725.3631096644648
9,Shift 3,2023-06-26 16:52:46,2023-06-26 18:30:06,97.33333333333331,1870.65,692.8334673482675
10,Shift 3,2023-06-26 18:30:06,2023-06-26 20:05:18,95.2,1841.93,682.196426162782
11,Shift 3,2023-06-26 20:05:18,2023-06-26 21:24:59,79.68333333333334,854.98,316.65924656616465
12,Shift 3,2023-06-26 21:24:59,2023-06-26 23:16:19,111.33333333333331,1130.14,418.57039742264703
13,Shift 3,2023-06-26 23:16:19,2023-06-27 01:24:58,128.65,2012.75,745.4631175034723
1,Shift 1,2023-06-27 01:24:58,2023-06-27 03:43:38,138.66666666666666,2197.07,813.7298107941643
2,Shift 1,2023-06-27 03:43:38,2023-06-27 04:10:06,26.466666666666665,907.14,335.9777726189126
3,Shift 1,2023-06-27 04:10:06,2023-06-27 05:41:39,91.55,1183.62,438.3778125549506
4,Shift 1,2023-06-27 05:41:39,2023-06-27 08:13:00,151.35,2087.85,773.2779431660751
5,Shift 2,2023-06-27 08:13:00,2023-06-27 09:11:05,58.083333333333336,1534.67,568.3963817807397
6,Shift 2,2023-06-27 10:46:35,2023-06-27 11:22:01,35.43333333333333,152.84,56.60729329399387
7,Shift 2,2023-06-27 11:22:01,2023-06-27 13:06:03,104.03333333333332,1739.14,644.1260409449532
8,Shift 2,2023-06-27 13:06:03,2023-06-27 14:45:08,99.08333333333331,2043.43,756.826084897995
9,Shift 2,2023-06-27 14:45:08,2023-06-27 16:19:32,94.4,1965.41,727.9297773321324
10,Shift 3,2023-06-27 16:19:32,2023-06-27 21:36:52,317.3333333333333,3250.71,1203.967000023791
11,Shift 3,2023-06-27 21:36:52,2023-06-27 22:05:20,28.466666666666665,935.52,346.4888878293609
12,Shift 3,2023-06-27 22:05:20,2023-06-27 22:53:36,48.266666666666666,615.85,228.09254535846503
13,Shift 3,2023-06-27 22:53:36,2023-06-28 00:56:26,122.83333333333331,569.18,210.8073534320512
1,Shift 1,2023-06-28 04:06:32,2023-06-28 05:27:23,80.85,1894.04,701.4964336897892
2,Shift 1,2023-06-28 05:27:23,2023-06-28 05:51:11,23.8,37.67,13.951721102755789
3,Shift 1,2023-06-28 05:51:12,2023-06-28 09:03:48,192.6,2499.88,925.8817063852802
4,Shift 2,2023-06-28 09:03:48,2023-06-28 10:45:30,101.7,959.65,355.4259283518457
5,Shift 2,2023-06-28 10:45:30,2023-06-28 11:11:21,25.85,481.08,178.17771107685388
6,Shift 2,2023-06-28 11:11:21,2023-06-28 12:14:32,63.18333333333333,339.92,125.8962092055752
7,Shift 2,2023-06-28 12:14:32,2023-06-28 13:58:34,104.03333333333332,1711.94,634.0519629419864
8,Shift 2,2023-06-28 13:58:34,2023-06-28 14:48:11,49.61666666666667,1448.65,536.5371100963575
9,Shift 2,2023-06-28 15:13:19,2023-06-28 16:25:04,71.75,344.3,127.51843206046468
10,Shift 3,2023-06-28 16:25:04,2023-06-28 17:21:35,56.516666666666666,1528.18,565.9926771395907
11,Shift 3,2023-06-28 17:21:35,2023-06-28 17:41:40,20.08333333333333,74.69,27.66283756120533
12,Shift 3,2023-06-28 17:41:40,2023-06-28 19:05:46,84.1,2049.52,759.081641333218
13,Shift 3,2023-06-28 19:05:46,2023-06-28 19:57:40,51.9,290.16,107.46657238838316
14,Shift 3,2023-06-28 19:57:40,2023-06-28 21:47:43,110.05,1981.28,733.8075574022457
15,Shift 3,2023-06-28 21:47:43,2023-06-28 23:32:41,104.96666666666668,1895.13,701.9001375509375
16,Shift 3,2023-06-28 23:32:42,2023-06-29 01:26:12,113.5,2207.45,817.5742567379434
1,Shift 1,2023-06-29 01:26:12,2023-06-29 04:04:01,157.81666666666666,1987.19,735.9964471448021
2,Shift 1,2023-06-29 04:04:01,2023-06-29 06:04:15,120.23333333333332,1719.12,636.7112232383577
3,Shift 1,2023-06-29 06:04:15,2023-06-29 07:26:29,82.23333333333333,1711.26,633.8001109919122
4,Shift 1,2023-06-29 07:26:29,2023-06-29 09:26:28,119.98333333333332,2136.89,791.4409132126004
5,Shift 2,2023-06-29 09:26:28,2023-06-29 11:40:21,133.88333333333333,1609.56,596.1334296352316
6,Shift 2,2023-06-29 11:40:21,2023-06-29 12:55:21,75.0,1632.86,604.7630626304199
7,Shift 2,2023-06-29 12:55:21,2023-06-29 14:57:53,122.53333333333332,1890.79,700.2927295166406
8,Shift 2,2023-06-29 14:57:53,2023-06-29 16:43:11,105.3,2192.69,812.1075879392748
9,Shift 3,2023-06-29 16:43:11,2023-06-29 18:12:33,89.36666666666666,1254.81,464.7444895046271
10,Shift 3,2023-06-29 18:12:33,2023-06-29 19:52:48,100.25,1806.3,669.0001247199252
11,Shift 3,2023-06-29 19:52:48,2023-06-29 22:35:33,162.75,2171.99,804.4409182826053
12,Shift 3,2023-06-29 22:35:33,2023-06-30 01:16:29,160.93333333333334,1541.61,570.9667531535555
1,Shift 1,2023-06-30 01:16:29,2023-06-30 03:04:41,108.2,1897.98,702.9556935181602
2,Shift 1,2023-06-30 03:04:41,2023-06-30 06:40:50,216.15,2172.72,804.7112887584201
1,Shift 1,2023-07-01 06:56:00,2023-07-01 09:47:00,171.0,2006.91,743.3
2,Shift 2,2023-07-01 09:47:00,2023-07-01 11:24:00,97.0,1524.89,564.77
3,Shift 2,2023-07-01 11:24:00,2023-07-01 13:27:00,123.0,1938.15,717.83
4,Shift 2,2023-07-01 13:27:00,2023-07-01 15:03:00,96.0,1856.36,687.54
5,Shift 2,2023-07-01 15:03:00,2023-07-01 17:43:00,160.0,2055.97,761.47
6,Shift 3,2023-07-01 17:43:00,2023-07-01 19:28:00,105.0,2117.63,784.31
7,Shift 3,2023-07-01 19:28:00,2023-07-01 22:02:00,154.0,2369.56,877.61
8,Shift 3,2023-07-01 22:02:00,2023-07-02 01:04:00,182.0,2089.89,774.03
1,Shift 1,2023-07-02 01:04:00,2023-07-02 03:06:00,122.0,1452.55,537.98
2,Shift 1,2023-07-02 03:06:00,2023-07-02 05:18:00,132.0,2599.17,962.66
3,Shift 1,2023-07-02 05:18:00,2023-07-02 07:12:00,114.0,1055.09,390.77
4,Shift 2,2023-07-02 12:05:00,2023-07-03 09:18:00,1273.0,2866.12,1061.53
1,Shift 2,2023-07-03 12:12:00,2023-07-03 13:22:00,70.0,1681.41,622.74
2,Shift 2,2023-07-03 13:22:00,2023-07-03 14:15:00,53.0,783.5,290.19
3,Shift 2,2023-07-03 14:15:00,2023-07-03 15:00:00,45.0,1246.88,461.81
4,Shift 3,2023-07-03 19:30:00,2023-07-03 21:14:00,104.0,2149.33,796.05
5,Shift 3,2023-07-03 21:14:00,2023-07-03 23:14:00,120.0,1620.53,600.2
6,Shift 3,2023-07-03 23:14:00,2023-07-04 01:22:00,128.0,2342.51,867.6
1,Shift 1,2023-07-04 01:22:00,2023-07-04 04:00:00,158.0,2214.16,820.06
2,Shift 1,2023-07-04 04:00:00,2023-07-04 07:12:00,192.0,2311.53,856.12
3,Shift 1,2023-07-04 07:12:00,2023-07-04 08:55:00,103.0,1900.55,703.91
4,Shift 2,2023-07-04 14:22:00,2023-07-04 16:04:00,102.0,750.97,278.14
1,Shift 1,2023-07-05 00:52:00,2023-07-05 04:10:00,198.0,1485.0,550.0
2,Shift 1,2023-07-05 04:10:00,2023-07-05 07:11:00,181.0,1885.89,698.48
3,Shift 1,2023-07-05 07:11:00,2023-07-05 08:51:00,100.0,1914.53,709.09
4,Shift 2,2023-07-05 09:23:00,2023-07-05 11:00:00,97.0,1765.36,653.84
5,Shift 2,2023-07-05 11:00:00,2023-07-05 13:38:00,158.0,2229.83,825.86
6,Shift 2,2023-07-05 13:38:00,2023-07-05 15:14:00,96.0,1827.74,676.94
7,Shift 2,2023-07-05 15:14:00,2023-07-05 17:57:00,163.0,2256.03,835.57
8,Shift 3,2023-07-05 17:57:00,2023-07-05 20:57:00,180.0,2376.73,880.27
9,Shift 3,2023-07-05 20:57:00,2023-07-05 23:28:00,151.0,1707.51,632.41
10,Shift 3,2023-07-05 23:28:00,2023-07-06 01:36:00,128.0,1958.69,725.44
1,Shift 1,2023-07-06 01:36:00,2023-07-06 05:11:00,215.0,2193.78,812.51
2,Shift 1,2023-07-06 05:11:00,2023-07-06 08:03:00,172.0,1406.05,520.76
3,Shift 2,2023-07-06 08:03:00,2023-07-06 10:36:00,153.0,2207.96,817.76
4,Shift 2,2023-07-06 10:36:00,2023-07-06 13:32:00,176.0,2379.84,881.42
5,Shift 2,2023-07-06 13:32:00,2023-07-06 15:10:00,98.0,1493.47,553.14
6,Shift 2,2023-07-06 15:10:00,2023-07-06 16:08:00,58.0,1382.43,512.01
1,Shift 2,2023-07-07 12:14:00,2023-07-07 14:02:00,108.0,1582.27,586.03
2,Shift 2,2023-07-07 14:02:00,2023-07-07 16:21:00,139.0,1321.96,489.61
3,Shift 3,2023-07-07 16:21:00,2023-07-07 17:47:00,86.0,1790.46,663.13
4,Shift 3,2023-07-07 17:47:00,2023-07-07 18:41:00,54.0,1422.19,526.74
5,Shift 3,2023-07-07 18:41:00,2023-07-07 19:34:00,53.0,1334.31,494.19
6,Shift 3,2023-07-07 19:34:00,2023-07-07 21:58:00,144.0,1104.65,409.13
7,Shift 3,2023-07-07 21:58:00,2023-07-08 00:01:00,123.0,1408.05,521.5
1,Shift 1,2023-07-08 00:01:00,2023-07-08 01:22:00,81.0,1592.01,589.63
2,Shift 1,2023-07-08 02:56:00,2023-07-08 03:19:00,23.0,876.93,324.79
3,Shift 1,2023-07-08 03:19:00,2023-07-08 05:20:00,121.0,1203.05,445.57
4,Shift 1,2023-07-08 05:51:00,2023-07-08 08:23:00,152.0,1758.8,651.41
5,Shift 2,2023-07-08 08:23:00,2023-07-08 09:26:00,63.0,1503.65,556.91
6,Shift 2,2023-07-08 09:26:00,2023-07-08 12:23:00,177.0,2722.2,1008.22
7,Shift 2,2023-07-08 12:23:00,2023-07-08 14:59:00,156.0,1794.25,664.54
8,Shift 2,2023-07-08 14:59:00,2023-07-08 17:42:00,163.0,1868.72,692.12
9,Shift 3,2023-07-08 17:42:00,2023-07-08 20:13:00,151.0,1850.14,685.24
10,Shift 3,2023-07-08 20:13:00,2023-07-08 22:02:00,109.0,2222.53,823.16
11,Shift 3,2023-07-08 22:02:00,2023-07-08 23:37:00,95.0,1657.2,613.78
12,Shift 3,2023-07-08 23:37:00,2023-07-09 02:07:00,150.0,1991.83,737.71
1,Shift 1,2023-07-09 02:07:00,2023-07-09 03:26:00,79.0,1586.17,587.47
2,Shift 1,2023-07-09 03:26:00,2023-07-09 06:20:00,174.0,2190.5,811.3
3,Shift 2,2023-07-09 13:59:00,2023-07-09 20:41:00,402.0,1230.67,455.8
1,Shift 2,2023-07-10 11:17:00,2023-07-10 14:01:00,164.0,2023.81,749.56
2,Shift 2,2023-07-10 14:01:00,2023-07-10 15:01:00,60.0,1119.32,414.56
1,Shift 1,2023-07-11 03:17:00,2023-07-11 10:05:00,408.0,2657.26,984.17
2,Shift 2,2023-07-11 10:05:00,2023-07-12 07:44:00,1299.0,19976.02,7398.53
3,Shift 2,2023-07-11 11:26:00,2023-07-11 13:32:00,126.0,1925.36,713.1
4,Shift 2,2023-07-11 13:32:00,2023-07-11 14:51:00,79.0,1878.07,695.58
5,Shift 2,2023-07-11 14:51:00,2023-07-11 16:29:00,98.0,1831.69,678.4
6,Shift 3,2023-07-11 16:29:00,2023-07-11 18:55:00,146.0,2448.68,906.92
7,Shift 3,2023-07-11 18:55:00,2023-07-11 20:09:00,74.0,1332.98,493.7
8,Shift 3,2023-07-11 20:09:00,2023-07-11 21:57:00,108.0,1344.56,497.99
9,Shift 3,2023-07-11 21:57:00,2023-07-11 23:53:00,116.0,1667.69,617.66
10,Shift 3,2023-07-11 23:53:00,2023-07-12 01:37:00,104.0,1367.2,506.37
1,Shift 1,2023-07-12 01:37:00,2023-07-12 03:52:00,135.0,2134.27,790.47
2,Shift 1,2023-07-12 03:52:00,2023-07-12 07:40:00,228.0,2149.13,795.97
3,Shift 1,2023-07-12 07:40:00,2023-07-12 10:22:00,162.0,1786.67,661.73
4,Shift 2,2023-07-12 10:22:00,2023-07-12 11:23:00,61.0,1575.04,583.35
5,Shift 2,2023-07-12 13:39:00,2023-07-12 16:23:00,164.0,2113.51,782.78
6,Shift 3,2023-07-12 16:23:00,2023-07-12 18:26:00,123.0,1388.2,514.15
7,Shift 3,2023-07-12 18:26:00,2023-07-12 19:58:00,92.0,1801.61,667.26
8,Shift 3,2023-07-12 19:58:00,2023-07-12 22:31:00,153.0,2091.95,774.8
9,Shift 3,2023-07-12 22:31:00,2023-07-13 00:37:00,126.0,2129.28,788.62
1,Shift 1,2023-07-13 00:37:00,2023-07-13 02:37:00,120.0,2080.71,770.63
2,Shift 1,2023-07-13 02:37:00,2023-07-13 05:26:00,169.0,1894.15,701.54
3,Shift 1,2023-07-13 05:26:00,2023-07-13 06:39:00,73.0,1785.79,661.4
4,Shift 1,2023-07-13 06:39:00,2023-07-13 08:29:00,110.0,2132.01,789.63
5,Shift 2,2023-07-13 08:29:00,2023-07-13 09:58:00,89.0,1549.25,573.8
6,Shift 2,2023-07-13 09:58:00,2023-07-13 11:16:00,78.0,1477.75,547.31
7,Shift 2,2023-07-13 11:16:00,2023-07-13 13:21:00,125.0,2148.42,795.71
8,Shift 2,2023-07-13 13:21:00,2023-07-13 14:42:00,81.0,1783.56,660.58
9,Shift 3,2023-07-13 17:55:00,2023-07-13 19:53:00,118.0,2007.39,743.48
10,Shift 3,2023-07-13 19:55:00,2023-07-13 21:50:00,115.0,2134.66,790.61
11,Shift 3,2023-07-13 21:50:00,2023-07-14 00:20:00,150.0,2019.97,748.14
1,Shift 1,2023-07-14 00:20:00,2023-07-14 02:36:00,136.0,1527.07,565.58
2,Shift 1,2023-07-14 02:36:00,2023-07-14 04:22:00,106.0,2258.06,836.32
3,Shift 1,2023-07-14 05:21:00,2023-07-14 08:49:00,208.0,3247.4,1202.74
4,Shift 2,2023-07-14 08:49:00,2023-07-14 11:31:00,162.0,1992.92,738.12
5,Shift 2,2023-07-14 11:31:00,2023-07-14 13:16:00,105.0,2099.88,777.73
6,Shift 2,2023-07-14 13:16:00,2023-07-14 14:59:00,103.0,1471.09,544.85
7,Shift 2,2023-07-14 14:59:00,2023-07-14 16:38:00,99.0,2022.3,749.0
8,Shift 3,2023-07-14 16:38:00,2023-07-14 18:25:00,107.0,2006.18,743.03
9,Shift 3,2023-07-14 18:25:00,2023-07-14 19:47:00,82.0,1977.32,732.34
10,Shift 3,2023-07-14 20:01:00,2023-07-14 20:54:00,53.0,1317.85,488.09
11,Shift 3,2023-07-14 23:41:00,2023-07-15 01:35:00,114.0,1183.66,438.39
1,Shift 1,2023-07-15 01:35:00,2023-07-15 04:29:00,174.0,2046.48,757.96
2,Shift 1,2023-07-15 04:29:00,2023-07-15 07:07:00,158.0,2180.15,807.46
3,Shift 1,2023-07-15 07:34:00,2023-07-15 09:12:00,98.0,1123.07,415.95
4,Shift 2,2023-07-15 09:12:00,2023-07-15 10:56:00,104.0,1705.37,631.62
5,Shift 2,2023-07-15 10:56:00,2023-07-15 12:20:00,84.0,1801.56,667.24
6,Shift 2,2023-07-15 12:20:00,2023-07-15 14:16:00,116.0,1961.52,726.49
7,Shift 2,2023-07-15 14:16:00,2023-07-15 15:48:00,92.0,1457.47,539.8
8,Shift 2,2023-07-15 15:48:00,2023-07-15 17:41:00,113.0,2616.33,969.01
9,Shift 3,2023-07-15 17:41:00,2023-07-15 19:25:00,104.0,1874.85,694.39
10,Shift 3,2023-07-15 19:25:00,2023-07-15 21:53:00,148.0,1939.29,718.26
11,Shift 3,2023-07-15 21:53:00,2023-07-15 23:21:00,88.0,1610.97,596.66
12,Shift 3,2023-07-15 23:21:00,2023-07-16 01:30:00,129.0,2001.88,741.44
1,Shift 1,2023-07-16 01:30:00,2023-07-16 03:15:00,105.0,1899.4,703.48
2,Shift 1,2023-07-16 03:15:00,2023-07-16 05:44:00,149.0,2308.71,855.08
3,Shift 1,2023-07-16 05:44:00,2023-07-16 07:11:00,87.0,1676.82,621.04
1,Shift 1,2023-07-17 06:55:00,2023-07-17 09:34:00,159.0,1933.69,716.18
2,Shift 2,2023-07-17 09:34:00,2023-07-17 12:45:00,191.0,2213.65,819.87
3,Shift 2,2023-07-17 12:45:00,2023-07-17 15:05:00,140.0,1943.73,719.9
4,Shift 2,2023-07-17 15:05:00,2023-07-17 16:28:00,83.0,1171.79,434.0
5,Shift 3,2023-07-17 16:28:00,2023-07-17 17:37:00,69.0,1404.42,520.16
6,Shift 3,2023-07-17 17:37:00,2023-07-17 18:58:00,81.0,1207.25,447.13
7,Shift 3,2023-07-17 18:58:00,2023-07-17 21:16:00,138.0,2263.22,838.23
8,Shift 3,2023-07-17 21:16:00,2023-07-17 22:52:00,96.0,1805.63,668.75
9,Shift 3,2023-07-17 22:52:00,2023-07-18 00:19:00,87.0,1885.48,698.33
1,Shift 1,2023-07-18 00:48:00,2023-07-18 02:59:00,131.0,2123.14,786.35
2,Shift 1,2023-07-18 02:59:00,2023-07-18 05:09:00,130.0,2139.67,792.47
3,Shift 1,2023-07-18 05:09:00,2023-07-18 06:40:00,91.0,1805.98,668.88
4,Shift 1,2023-07-18 06:40:00,2023-07-18 09:00:00,140.0,2202.73,815.83
5,Shift 2,2023-07-18 09:00:00,2023-07-18 11:11:00,131.0,1917.0,710.0
6,Shift 2,2023-07-18 11:11:00,2023-07-18 14:23:00,192.0,2292.53,849.09
7,Shift 2,2023-07-18 14:23:00,2023-07-18 15:50:00,87.0,1542.98,571.47
8,Shift 2,2023-07-18 15:50:00,2023-07-18 17:06:00,76.0,1546.86,572.91
9,Shift 3,2023-07-18 17:06:00,2023-07-18 18:02:00,56.0,719.74,266.57
10,Shift 3,2023-07-18 18:02:00,2023-07-18 18:48:00,46.0,1469.04,544.09
11,Shift 3,2023-07-18 19:49:00,2023-07-18 21:46:00,117.0,1643.9,608.85
12,Shift 3,2023-07-18 21:46:00,2023-07-18 23:37:00,111.0,1911.31,707.89
13,Shift 3,2023-07-18 23:37:00,2023-07-19 01:13:00,96.0,1892.63,700.97
1,Shift 1,2023-07-19 01:13:00,2023-07-19 03:29:00,136.0,1754.29,649.74
2,Shift 1,2023-07-19 03:29:00,2023-07-19 05:19:00,110.0,1618.71,599.52
3,Shift 1,2023-07-19 05:19:00,2023-07-19 07:23:00,124.0,1923.28,712.33
4,Shift 1,2023-07-19 07:23:00,2023-07-19 11:07:00,224.0,2290.25,848.24
5,Shift 2,2023-07-19 11:15:00,2023-07-19 13:16:00,121.0,1697.14,628.57
6,Shift 2,2023-07-19 13:16:00,2023-07-19 15:03:00,107.0,1625.99,602.22
7,Shift 2,2023-07-19 15:03:00,2023-07-19 17:19:00,136.0,2020.91,748.49
8,Shift 3,2023-07-19 17:19:00,2023-07-19 19:26:00,127.0,2267.31,839.74
9,Shift 3,2023-07-19 19:26:00,2023-07-19 20:36:00,70.0,1779.25,658.98
10,Shift 3,2023-07-19 20:36:00,2023-07-19 22:51:00,135.0,1957.67,725.06
11,Shift 3,2023-07-19 23:05:00,2023-07-20 01:19:00,134.0,2137.58,791.7
1,Shift 1,2023-07-20 01:19:00,2023-07-20 03:30:00,131.0,2102.1,778.56
2,Shift 1,2023-07-20 03:30:00,2023-07-20 05:18:00,108.0,1697.96,628.87
3,Shift 1,2023-07-20 05:18:00,2023-07-20 06:53:00,95.0,1242.42,460.16
4,Shift 1,2023-07-20 06:53:00,2023-07-20 08:50:00,117.0,1615.21,598.23
5,Shift 2,2023-07-20 08:50:00,2023-07-20 10:14:00,84.0,1952.07,722.99
6,Shift 2,2023-07-20 10:14:00,2023-07-20 11:11:00,57.0,907.97,336.29
7,Shift 2,2023-07-20 11:44:00,2023-07-20 12:37:00,53.0,1049.56,388.73
8,Shift 2,2023-07-20 12:37:00,2023-07-20 14:46:00,129.0,1857.6,688.0
9,Shift 2,2023-07-20 14:46:00,2023-07-20 16:38:00,112.0,2207.41,817.56
10,Shift 3,2023-07-20 16:42:00,2023-07-20 17:04:00,22.0,730.61,270.6
11,Shift 3,2023-07-20 17:04:00,2023-07-20 18:01:00,57.0,903.5,334.63
12,Shift 3,2023-07-20 18:01:00,2023-07-20 19:22:00,81.0,823.4,304.96
13,Shift 3,2023-07-20 19:22:00,2023-07-20 20:21:00,59.0,1608.62,595.79
14,Shift 3,2023-07-20 20:38:00,2023-07-20 22:23:00,105.0,1244.61,460.97
15,Shift 3,2023-07-20 22:23:00,2023-07-20 23:37:00,74.0,1515.44,561.27
1,Shift 1,2023-07-21 01:14:00,2023-07-21 03:25:00,131.0,1838.95,681.09
2,Shift 1,2023-07-21 03:25:00,2023-07-21 05:34:00,129.0,2095.03,775.94
3,Shift 1,2023-07-21 05:34:00,2023-07-21 08:04:00,150.0,1732.27,641.58
4,Shift 2,2023-07-21 08:04:00,2023-07-21 10:07:00,123.0,2119.95,785.17
5,Shift 2,2023-07-21 10:07:00,2023-07-21 10:46:00,39.0,1201.03,444.83
6,Shift 2,2023-07-21 11:16:00,2023-07-21 12:42:00,86.0,1735.13,642.64
7,Shift 2,2023-07-21 12:42:00,2023-07-21 14:55:00,133.0,2153.56,797.61
8,Shift 2,2023-07-21 14:55:00,2023-07-21 17:16:00,141.0,2268.04,840.01
9,Shift 3,2023-07-21 18:39:00,2023-07-21 20:11:00,92.0,1928.89,714.4
10,Shift 3,2023-07-21 21:38:00,2023-07-21 23:13:00,95.0,789.79,292.51
11,Shift 3,2023-07-21 23:13:00,2023-07-22 00:59:00,106.0,2009.12,744.12
1,Shift 1,2023-07-22 00:59:00,2023-07-22 03:44:00,165.0,1316.52,487.6
2,Shift 1,2023-07-22 03:44:00,2023-07-22 06:57:00,193.0,2109.62,781.34
3,Shift 1,2023-07-22 06:57:00,2023-07-22 07:34:00,37.0,1114.2,412.67
4,Shift 2,2023-07-22 09:03:00,2023-07-22 10:25:00,82.0,1015.07,375.95
5,Shift 2,2023-07-22 10:25:00,2023-07-22 11:50:00,85.0,1591.82,589.56
6,Shift 2,2023-07-22 11:50:00,2023-07-22 13:43:00,113.0,2000.5,740.93
7,Shift 2,2023-07-22 13:43:00,2023-07-22 15:42:00,119.0,1414.66,523.95
8,Shift 2,2023-07-22 15:42:00,2023-07-22 17:02:00,80.0,1770.26,655.65
9,Shift 3,2023-07-22 17:02:00,2023-07-22 18:32:00,90.0,1817.39,673.11
10,Shift 3,2023-07-22 18:32:00,2023-07-22 19:30:00,58.0,1597.29,591.59
11,Shift 3,2023-07-22 20:05:00,2023-07-22 21:30:00,85.0,1788.11,662.26
12,Shift 3,2023-07-22 21:30:00,2023-07-22 23:18:00,108.0,1884.71,698.04
13,Shift 3,2023-07-22 23:18:00,2023-07-23 01:37:00,139.0,2316.47,857.95
1,Shift 1,2023-07-23 01:37:00,2023-07-23 03:07:00,90.0,1832.81,678.82
2,Shift 1,2023-07-23 03:07:00,2023-07-23 06:15:00,188.0,1603.18,593.77
1,Shift 1,2023-07-24 03:18:00,2023-07-24 09:26:00,368.0,2368.38,877.18
2,Shift 2,2023-07-24 09:26:00,2023-07-24 13:33:00,247.0,2240.48,829.81
3,Shift 2,2023-07-24 13:33:00,2023-07-24 15:25:00,112.0,1765.86,654.02
4,Shift 3,2023-07-24 18:15:00,2023-07-24 20:01:00,106.0,1806.63,669.12
5,Shift 3,2023-07-24 20:01:00,2023-07-24 21:57:00,116.0,2023.25,749.35
6,Shift 3,2023-07-24 21:57:00,2023-07-24 22:33:00,36.0,1221.37,452.36
7,Shift 3,2023-07-24 22:33:00,2023-07-25 00:01:00,88.0,966.66,358.02
1,Shift 1,2023-07-25 00:01:00,2023-07-25 02:26:00,145.0,2239.38,829.4
2,Shift 1,2023-07-25 02:26:00,2023-07-25 05:47:00,201.0,2782.26,1030.47
3,Shift 2,2023-07-25 08:06:00,2023-07-25 11:19:00,193.0,1536.23,568.97
4,Shift 2,2023-07-25 11:19:00,2023-07-25 13:17:00,118.0,2063.51,764.26
5,Shift 2,2023-07-25 13:17:00,2023-07-25 15:02:00,105.0,1302.16,482.28
6,Shift 2,2023-07-25 15:02:00,2023-07-25 18:27:00,205.0,2258.05,836.31
7,Shift 3,2023-07-25 18:27:00,2023-07-25 20:46:00,139.0,1964.34,727.53
8,Shift 3,2023-07-25 20:46:00,2023-07-26 00:30:00,224.0,2539.4,940.52
1,Shift 1,2023-07-26 00:30:00,2023-07-26 02:27:00,117.0,1672.71,619.52
2,Shift 1,2023-07-26 02:27:00,2023-07-26 04:22:00,115.0,1996.35,739.39
3,Shift 1,2023-07-26 04:22:00,2023-07-26 06:41:00,139.0,1749.94,648.13
4,Shift 1,2023-07-26 06:41:00,2023-07-26 08:47:00,126.0,1927.74,713.98
5,Shift 2,2023-07-26 08:47:00,2023-07-26 09:48:00,61.0,901.39,333.85
6,Shift 2,2023-07-26 09:48:00,2023-07-26 12:01:00,133.0,1271.93,471.09
7,Shift 2,2023-07-26 12:01:00,2023-07-26 12:48:00,47.0,1017.07,376.69
8,Shift 2,2023-07-26 12:48:00,2023-07-26 15:09:00,141.0,2054.28,760.84
9,Shift 2,2023-07-26 15:09:00,2023-07-26 15:44:00,35.0,1049.44,388.68
10,Shift 3,2023-07-26 16:06:00,2023-07-26 17:08:00,62.0,704.73,261.01
11,Shift 3,2023-07-26 17:08:00,2023-07-26 18:36:00,88.0,1400.87,518.84
12,Shift 3,2023-07-26 18:36:00,2023-07-26 20:34:00,118.0,1896.35,702.35
13,Shift 3,2023-07-26 20:34:00,2023-07-26 22:03:00,89.0,1615.94,598.5
14,Shift 3,2023-07-26 22:03:00,2023-07-26 23:41:00,98.0,1845.01,683.34
15,Shift 3,2023-07-26 23:41:00,2023-07-27 01:41:00,120.0,2219.6,822.07
1,Shift 1,2023-07-27 01:41:00,2023-07-27 03:43:00,122.0,2029.69,751.74
2,Shift 1,2023-07-27 03:43:00,2023-07-27 05:05:00,82.0,1055.7,391.0
3,Shift 1,2023-07-27 05:05:00,2023-07-27 06:09:00,64.0,1437.33,532.34
4,Shift 1,2023-07-27 06:17:00,2023-07-27 07:14:00,57.0,1409.74,522.13
5,Shift 1,2023-07-27 07:14:00,2023-07-27 08:24:00,70.0,1985.76,735.47
6,Shift 2,2023-07-27 08:24:00,2023-07-27 09:39:00,75.0,1370.51,507.6
7,Shift 2,2023-07-27 09:39:00,2023-07-27 11:14:00,95.0,1596.28,591.21
8,Shift 2,2023-07-27 11:14:00,2023-07-27 12:56:00,102.0,1741.46,644.99
9,Shift 2,2023-07-27 12:56:00,2023-07-27 14:13:00,77.0,1940.77,718.8
10,Shift 2,2023-07-27 14:13:00,2023-07-27 15:53:00,100.0,1788.01,662.23
11,Shift 3,2023-07-27 16:02:00,2023-07-27 17:21:00,79.0,1860.41,689.04
12,Shift 3,2023-07-27 17:21:00,2023-07-27 19:06:00,105.0,2033.57,753.17
13,Shift 3,2023-07-27 19:06:00,2023-07-27 20:45:00,99.0,1712.58,634.29
14,Shift 3,2023-07-27 20:45:00,2023-07-27 22:20:00,95.0,1986.66,735.8
15,Shift 3,2023-07-27 22:20:00,2023-07-28 00:24:00,124.0,2424.54,897.98
1,Shift 1,2023-07-28 00:24:00,2023-07-28 01:34:00,70.0,1504.9,557.37
2,Shift 1,2023-07-28 01:34:00,2023-07-28 03:33:00,119.0,2003.35,741.98
3,Shift 1,2023-07-28 03:33:00,2023-07-28 04:49:00,76.0,1492.64,552.83
4,Shift 1,2023-07-28 04:56:00,2023-07-28 06:21:00,85.0,1609.17,595.99
5,Shift 1,2023-07-28 06:21:00,2023-07-28 07:31:00,70.0,1372.72,508.41
6,Shift 1,2023-07-28 07:31:00,2023-07-28 08:57:00,86.0,1720.55,637.24
7,Shift 2,2023-07-28 09:22:00,2023-07-28 10:15:00,53.0,1342.32,497.16
8,Shift 2,2023-07-28 12:19:00,2023-07-28 13:59:00,100.0,1926.37,713.47
9,Shift 2,2023-07-28 13:59:00,2023-07-28 14:47:00,48.0,824.01,305.19
10,Shift 2,2023-07-28 14:48:00,2023-07-28 16:51:00,123.0,2199.29,814.55
11,Shift 3,2023-07-28 17:39:00,2023-07-28 19:08:00,89.0,1812.72,671.38
12,Shift 3,2023-07-28 19:08:00,2023-07-28 20:44:00,96.0,1802.6,667.63
13,Shift 3,2023-07-28 20:44:00,2023-07-28 22:25:00,101.0,1983.58,734.66
14,Shift 3,2023-07-28 22:25:00,2023-07-29 00:13:00,108.0,1728.03,640.01
1,Shift 1,2023-07-29 00:13:00,2023-07-29 01:49:00,96.0,1093.79,405.11
2,Shift 1,2023-07-29 01:49:00,2023-07-29 03:04:00,75.0,1685.89,624.4
3,Shift 1,2023-07-29 03:04:00,2023-07-29 03:39:00,35.0,1042.44,386.09
4,Shift 1,2023-07-29 03:39:00,2023-07-29 05:00:00,81.0,730.49,270.55
5,Shift 1,2023-07-29 05:00:00,2023-07-29 06:02:00,62.0,1636.85,606.24
6,Shift 1,2023-07-29 06:42:00,2023-07-29 07:39:00,57.0,1632.67,604.69
7,Shift 1,2023-07-29 07:39:00,2023-07-29 09:19:00,100.0,1752.91,649.23
8,Shift 2,2023-07-29 09:19:00,2023-07-29 11:44:00,145.0,2941.33,1089.38
9,Shift 2,2023-07-29 11:44:00,2023-07-29 13:00:00,76.0,1645.11,609.3
10,Shift 2,2023-07-29 13:00:00,2023-07-29 15:55:00,175.0,2398.66,888.39
11,Shift 2,2023-07-29 15:55:00,2023-07-29 18:03:00,128.0,1342.94,497.39
12,Shift 3,2023-07-29 18:03:00,2023-07-29 18:39:00,36.0,1100.01,407.41
13,Shift 3,2023-07-29 18:39:00,2023-07-29 19:48:00,69.0,907.55,336.13
14,Shift 3,2023-07-29 19:48:00,2023-07-29 21:43:00,115.0,1967.75,728.8
15,Shift 3,2023-07-29 21:43:00,2023-07-29 23:35:00,112.0,2087.69,773.22
16,Shift 3,2023-07-29 23:35:00,2023-07-30 00:58:00,83.0,1841.9,682.19
1,Shift 1,2023-07-30 00:58:00,2023-07-30 02:42:00,104.0,2015.86,746.61
2,Shift 1,2023-07-30 02:42:00,2023-07-30 04:34:00,112.0,1881.09,696.7
3,Shift 1,2023-07-30 04:34:00,2023-07-30 05:47:00,73.0,1637.76,606.58
4,Shift 1,2023-07-30 05:47:00,2023-07-30 07:27:00,100.0,1877.11,695.23
5,Shift 1,2023-07-30 07:27:00,2023-07-30 08:22:00,55.0,836.97,309.99
6,Shift 2,2023-07-30 08:22:00,2023-07-30 09:35:00,73.0,1448.95,536.65
7,Shift 2,2023-07-30 09:35:00,2023-07-30 11:06:00,91.0,2115.28,783.44
8,Shift 2,2023-07-30 11:06:00,2023-07-30 13:28:00,142.0,2389.85,885.13
9,Shift 2,2023-07-30 13:28:00,2023-07-30 15:17:00,109.0,1624.46,601.65
10,Shift 2,2023-07-30 15:17:00,2023-07-30 17:50:00,153.0,2222.03,822.97
11,Shift 3,2023-07-30 17:55:00,2023-07-30 19:57:00,122.0,1923.28,712.33
12,Shift 3,2023-07-30 19:57:00,2023-07-30 21:17:00,80.0,1450.17,537.1
13,Shift 3,2023-07-30 21:17:00,2023-07-30 22:46:00,89.0,1827.91,677.0
14,Shift 3,2023-07-30 22:46:00,2023-07-30 23:36:00,50.0,1211.81,448.82
15,Shift 3,2023-07-30 23:36:00,2023-07-31 00:35:00,59.0,784.97,290.73
1,Shift 1,2023-07-31 00:35:00,2023-07-31 01:31:00,56.0,1503.85,556.98
2,Shift 1,2023-07-31 02:25:00,2023-07-31 02:49:00,24.0,753.86,279.21
3,Shift 1,2023-07-31 02:49:00,2023-07-31 04:23:00,94.0,929.48,344.25
1,Shift 1,2023-08-01 06:19:21,2023-08-01 08:24:20,124.98333333333332,1934.83,716.6038469890912
2,Shift 2,2023-08-01 08:24:20,2023-08-01 09:56:56,92.6,1827.92,677.0075352502246
3,Shift 2,2023-08-01 09:56:56,2023-08-01 11:43:33,106.61666666666666,1762.86,652.9112295563638
4,Shift 2,2023-08-01 11:43:33,2023-08-01 13:18:41,95.13333333333334,2034.66,753.5779354830679
5,Shift 2,2023-08-01 13:18:41,2023-08-01 15:09:37,110.93333333333334,1722.46,637.9482607578396
6,Shift 2,2023-08-01 15:09:38,2023-08-01 16:45:22,95.73333333333332,1870.22,692.6742080268971
7,Shift 3,2023-08-01 16:45:22,2023-08-01 17:10:30,25.133333333333333,900.01,333.3370308482819
8,Shift 3,2023-08-01 17:10:32,2023-08-01 17:12:33,2.0166666666666666,67.49,24.99616985453767
9,Shift 3,2023-08-01 17:12:34,2023-08-01 17:57:40,45.1,768.4,284.59256739348604
10,Shift 3,2023-08-01 17:57:41,2023-08-01 18:09:11,11.5,408.63,151.3443672785106
11,Shift 3,2023-08-01 18:09:12,2023-08-01 18:19:06,9.9,368.66,136.54065780135693
12,Shift 3,2023-08-01 18:19:10,2023-08-01 18:25:35,6.416666666666667,235.54,87.23693486919045
13,Shift 3,2023-08-01 18:39:48,2023-08-01 18:55:04,15.266666666666667,153.16,56.72581185873465
14,Shift 3,2023-08-01 18:55:04,2023-08-01 20:05:08,70.06666666666666,1614.68,598.0297266710841
15,Shift 3,2023-08-01 20:05:09,2023-08-01 21:14:02,68.88333333333334,556.18,205.9925367394568
16,Shift 3,2023-08-01 21:14:02,2023-08-01 23:17:20,123.3,1786.25,661.5741958978855
17,Shift 3,2023-08-01 23:17:20,2023-08-02 01:31:35,134.25,2301.95,852.5742703879564
1,Shift 1,2023-08-02 01:31:35,2023-08-02 02:16:31,44.93333333333333,1311.91,485.8926459005609
2,Shift 1,2023-08-02 02:16:33,2023-08-02 03:15:27,58.9,584.74,216.57031864257183
3,Shift 1,2023-08-02 03:15:27,2023-08-02 03:52:07,36.66666666666666,1142.97,423.3222511277229
4,Shift 1,2023-08-02 03:52:14,2023-08-02 04:55:50,63.6,430.99,159.6258519897729
5,Shift 1,2023-08-02 04:55:50,2023-08-02 06:14:38,78.8,1672.95,619.6112165693514
6,Shift 1,2023-08-02 06:14:38,2023-08-02 06:48:54,34.266666666666666,639.39,236.81106727720905
7,Shift 1,2023-08-02 06:48:54,2023-08-02 08:57:21,128.45,2134.98,790.7335055293039
8,Shift 2,2023-08-02 08:57:21,2023-08-02 10:36:11,98.83333333333331,1687.34,624.9408482775385
9,Shift 2,2023-08-02 10:36:12,2023-08-02 12:56:19,140.11666666666667,1592.16,589.6889826774513
10,Shift 2,2023-08-02 12:56:23,2023-08-02 14:35:03,98.66666666666669,1515.71,561.3741568198483
11,Shift 2,2023-08-02 14:35:08,2023-08-02 17:03:08,148.0,2569.17,951.5446793568082
12,Shift 3,2023-08-02 17:04:09,2023-08-02 18:20:09,76.0,1276.12,472.6370851753337
13,Shift 3,2023-08-02 18:20:09,2023-08-02 20:19:33,119.4,1846.88,684.0297602111161
14,Shift 3,2023-08-02 20:19:33,2023-08-02 22:01:27,101.9,1916.74,709.9038443760886
15,Shift 3,2023-08-02 22:01:27,2023-08-02 23:55:51,114.4,1877.13,695.2334682842684
16,Shift 3,2023-08-02 23:55:51,2023-08-03 01:19:31,83.66666666666667,1629.85,603.6482473808269
1,Shift 1,2023-08-03 03:34:15,2023-08-03 03:36:57,2.7,0.51,0.188752772232152
2,Shift 1,2023-08-03 01:19:31,2023-08-03 03:37:48,138.28333333333333,2143.43,793.8631363794901
3,Shift 1,2023-08-03 03:37:50,2023-08-03 05:20:01,102.18333333333334,1797.73,665.8260494079611
4,Shift 1,2023-08-03 05:20:01,2023-08-03 07:21:40,121.65,1466.96,543.3185942226193
5,Shift 1,2023-08-03 07:21:41,2023-08-03 09:22:23,120.7,1903.7,705.0742128629017
6,Shift 2,2023-08-03 09:22:32,2023-08-03 11:05:54,103.36666666666666,1894.63,701.7149522935301
7,Shift 2,2023-08-03 11:05:54,2023-08-03 12:58:44,112.83333333333331,1940.26,718.6149588845363
8,Shift 2,2023-08-03 12:58:44,2023-08-03 13:58:59,60.25,1285.34,476.0519013219276
9,Shift 2,2023-08-03 15:07:24,2023-08-03 15:07:32,0.1333333333333333,1.28,0.4739380686396655
10,Shift 2,2023-08-03 15:07:49,2023-08-03 16:46:30,98.68333333333334,1880.67,696.5445799067134
1,Shift 2,2023-08-04 13:05:27,2023-08-04 13:05:35,0.1333333333333333,4.35,1.6109755491215696
2,Shift 2,2023-08-04 13:05:35,2023-08-04 13:40:16,34.68333333333333,970.98,359.62222628469914
3,Shift 2,2023-08-04 13:43:30,2023-08-04 14:52:20,68.83333333333333,686.13,254.1221851396599
4,Shift 2,2023-08-04 14:52:28,2023-08-04 16:12:07,79.65,1742.09,645.2186339636571
5,Shift 3,2023-08-04 16:12:16,2023-08-04 18:15:31,123.25,1941.24,718.977921989055
6,Shift 3,2023-08-04 18:15:36,2023-08-04 20:09:57,114.35,2011.19,744.8853395003609
7,Shift 3,2023-08-04 20:09:57,2023-08-04 21:53:24,103.45,1763.82,653.266785250586
8,Shift 3,2023-08-04 21:53:24,2023-08-05 00:26:16,152.86666666666667,1664.95,616.6482524508318
1,Shift 1,2023-08-05 00:26:16,2023-08-05 01:28:24,62.13333333333333,1560.8,578.0741633328544
2,Shift 1,2023-08-05 01:28:26,2023-08-05 02:22:15,53.81666666666667,226.44,83.86656318437437
3,Shift 1,2023-08-05 02:22:15,2023-08-05 07:05:11,282.93333333333334,2334.0,864.4446453877757
4,Shift 1,2023-08-05 07:05:11,2023-08-05 09:01:05,115.9,2219.65,822.092777018686
5,Shift 2,2023-08-05 09:01:15,2023-08-05 10:04:18,63.05,1727.84,639.9408541275441
6,Shift 2,2023-08-05 10:04:18,2023-08-05 11:53:31,109.21666666666668,1818.99,673.700126552927
7,Shift 2,2023-08-05 11:53:31,2023-08-05 12:54:38,61.11666666666667,1443.86,534.7630353303939
8,Shift 2,2023-08-05 12:54:38,2023-08-05 14:18:38,84.0,1994.15,738.5742259279142
9,Shift 2,2023-08-05 14:18:38,2023-08-05 16:07:44,109.1,2026.22,750.4520083380297
10,Shift 3,2023-08-05 16:07:44,2023-08-05 17:35:03,87.31666666666666,1681.19,622.6630696114266
11,Shift 3,2023-08-05 17:35:13,2023-08-05 19:01:42,86.48333333333333,1842.12,682.2667965605968
12,Shift 3,2023-08-05 19:01:42,2023-08-05 19:51:28,49.766666666666666,1116.13,413.3815065100896
13,Shift 3,2023-08-05 19:51:37,2023-08-05 20:40:12,48.583333333333336,887.07,328.5444363865765
14,Shift 3,2023-08-05 20:40:12,2023-08-05 22:34:27,114.25,1539.34,570.1260120849255
15,Shift 3,2023-08-05 22:34:27,2023-08-05 23:31:47,57.333333333333336,848.06,314.09628260364514
16,Shift 3,2023-08-05 23:31:47,2023-08-05 23:45:41,13.9,515.78,191.02956794093276
17,Shift 3,2023-08-05 23:45:41,2023-08-06 00:43:31,57.833333333333336,320.28,118.62213229460951
1,Shift 1,2023-08-06 00:43:31,2023-08-06 04:21:18,217.78333333333333,21.23,7.862829839197968
2,Shift 1,2023-08-06 04:21:18,2023-08-06 05:49:17,87.98333333333333,2083.5,771.6668314266301
3,Shift 2,2023-08-06 09:33:24,2023-08-06 09:56:03,22.65,0.34,0.12578978471361
4,Shift 2,2023-08-06 09:56:04,2023-08-06 11:16:32,80.46666666666667,1.21,0.4480121326026188
5,Shift 2,2023-08-06 11:16:37,2023-08-06 14:01:20,164.71666666666667,0.09,0.0331971560098719
6,Shift 2,2023-08-06 14:01:21,2023-08-06 19:37:26,336.0833333333333,0.0,-0.0001361903234737
7,Shift 3,2023-08-06 19:37:27,2023-08-07 08:25:55,768.4666666666667,3330.19,1233.4040485412834
1,Shift 2,2023-08-07 08:25:55,2023-08-07 10:18:51,112.93333333333334,1976.96,732.2075567782451
2,Shift 2,2023-08-07 10:18:51,2023-08-07 11:32:09,73.3,1835.26,679.7260548289663
3,Shift 2,2023-08-07 11:32:09,2023-08-07 13:25:11,113.03333333333332,2016.8,746.9631180884728
4,Shift 2,2023-08-07 13:25:11,2023-08-07 15:14:47,109.6,1857.24,687.866798744599
5,Shift 2,2023-08-07 15:14:47,2023-08-07 17:07:34,112.78333333333332,2078.29,769.7372010444442
6,Shift 3,2023-08-07 17:07:34,2023-08-07 18:30:39,83.08333333333333,1667.28,617.5112157503506
7,Shift 3,2023-08-07 18:30:39,2023-08-07 20:28:15,117.6,2432.35,900.8705855198262
8,Shift 3,2023-08-07 20:28:15,2023-08-07 21:25:38,57.38333333333333,1418.27,525.2852538562793
9,Shift 3,2023-08-07 21:25:39,2023-08-07 23:05:58,100.31666666666666,637.01,235.92958545194944
10,Shift 3,2023-08-07 23:05:58,2023-08-08 00:59:57,113.98333333333332,1993.5,738.3334850932844
1,Shift 1,2023-08-08 00:59:57,2023-08-08 02:39:29,99.53333333333332,2112.84,782.5335023313008
2,Shift 1,2023-08-08 02:39:29,2023-08-08 03:17:16,37.78333333333333,1176.49,435.73707078432005
3,Shift 1,2023-08-08 03:17:35,2023-08-08 04:08:36,51.016666666666666,815.14,301.9036852559369
4,Shift 1,2023-08-08 04:08:36,2023-08-08 05:01:48,53.2,1268.71,469.89263966055495
5,Shift 1,2023-08-08 05:01:51,2023-08-08 06:26:24,84.55,1019.0,377.4074184061132
6,Shift 1,2023-08-08 06:26:24,2023-08-08 06:52:08,25.73333333333333,898.75,332.8703639996151
7,Shift 1,2023-08-08 06:52:09,2023-08-08 07:22:52,30.716666666666665,0.0,-0.0001361903234737
8,Shift 1,2023-08-08 07:14:14,2023-08-08 07:22:52,8.633333333333333,141.91,52.55914356706644
9,Shift 1,2023-08-08 07:22:52,2023-08-08 09:26:07,123.25,1434.62,531.3408117735037
10,Shift 2,2023-08-08 09:26:07,2023-08-08 11:28:32,122.41666666666669,1678.0,621.4815876691669
11,Shift 2,2023-08-08 11:28:32,2023-08-08 15:13:59,225.45,2236.93,828.4927795146882
12,Shift 2,2023-08-08 15:13:59,2023-08-08 17:06:08,112.15,1431.86,530.3185891526144
13,Shift 3,2023-08-08 17:06:08,2023-08-08 19:10:55,124.78333333333332,1858.41,688.3001322469325
14,Shift 3,2023-08-08 19:10:55,2023-08-08 19:43:29,32.56666666666667,928.08,343.7333311991377
15,Shift 3,2023-08-08 19:43:30,2023-08-08 20:45:33,62.05,885.89,328.10739917909484
16,Shift 3,2023-08-08 20:45:34,2023-08-08 21:00:33,14.983333333333333,411.73,152.49251587443695
17,Shift 3,2023-08-08 21:00:33,2023-08-08 22:07:11,66.63333333333334,1322.88,489.95561044808096
18,Shift 3,2023-08-08 22:07:11,2023-08-08 22:41:33,34.36666666666667,1003.7,371.7407495294444
19,Shift 3,2023-08-08 22:42:05,2023-08-08 23:52:51,70.76666666666667,897.0,332.22221559868893
20,Shift 3,2023-08-08 23:52:51,2023-08-09 01:43:54,111.05,2130.34,789.0149863405626
1,Shift 1,2023-08-09 01:43:54,2023-08-09 03:44:33,120.65,2212.59,819.4779611840924
2,Shift 1,2023-08-09 03:44:33,2023-08-09 05:31:49,107.26666666666668,2073.13,767.8260891879991
3,Shift 1,2023-08-09 05:31:50,2023-08-09 06:06:17,34.45,1117.17,413.76669184549706
4,Shift 1,2023-08-09 06:06:18,2023-08-09 06:55:16,48.96666666666667,753.35,279.018491145521
5,Shift 1,2023-08-09 06:55:18,2023-08-09 07:17:18,22.0,179.97,66.65544536092354
6,Shift 1,2023-08-09 07:17:18,2023-08-09 10:16:49,179.51666666666668,2519.21,933.0409684366532
7,Shift 2,2023-08-09 10:16:49,2023-08-09 11:47:10,90.35,1591.46,589.4297233170809
8,Shift 2,2023-08-09 11:47:10,2023-08-09 13:18:56,91.76666666666668,1841.07,681.8779075200412
9,Shift 2,2023-08-09 13:18:56,2023-08-09 15:04:46,105.83333333333331,1992.56,737.9853368093583
10,Shift 2,2023-08-09 15:04:46,2023-08-09 16:43:19,98.55,1690.4,626.0741820528723
11,Shift 3,2023-08-09 16:43:19,2023-08-09 19:35:15,171.93333333333334,1819.35,673.8334599382604
12,Shift 3,2023-08-09 19:35:15,2023-08-09 21:10:55,95.66666666666669,1696.9,628.4815903991695
13,Shift 3,2023-08-09 21:10:55,2023-08-09 22:55:08,104.21666666666668,1770.24,655.6445639556981
14,Shift 3,2023-08-09 22:55:19,2023-08-10 00:13:04,77.75,1603.41,593.8556509691196
1,Shift 1,2023-08-10 00:13:04,2023-08-10 00:43:49,30.75,928.0,343.70370155795246
2,Shift 1,2023-08-10 00:43:50,2023-08-10 03:07:46,143.93333333333334,1545.95,572.5741611878524
3,Shift 1,2023-08-10 03:07:46,2023-08-10 05:38:04,150.3,2227.22,824.896481815835
4,Shift 1,2023-08-10 05:38:04,2023-08-10 06:18:09,40.083333333333336,1353.64,501.3482074837889
5,Shift 1,2023-08-10 06:18:11,2023-08-10 07:27:41,69.5,484.57,179.47030417355808
6,Shift 1,2023-08-10 07:27:41,2023-08-10 09:01:01,93.33333333333331,1600.62,592.8223172327858
7,Shift 2,2023-08-10 09:01:01,2023-08-10 10:42:49,101.8,1295.19,479.7000508928549
8,Shift 2,2023-08-10 10:42:50,2023-08-10 11:21:49,38.98333333333333,1263.37,467.9148611114431
9,Shift 2,2023-08-10 12:56:05,2023-08-10 13:36:29,40.4,293.95,108.87027663953182
10,Shift 2,2023-08-10 13:36:29,2023-08-10 16:15:43,159.23333333333332,1863.34,690.1260588849701
11,Shift 3,2023-08-10 16:15:43,2023-08-10 18:47:17,151.56666666666666,1967.18,728.5853331433549
12,Shift 3,2023-08-10 18:47:17,2023-08-10 20:52:50,125.55,2227.27,824.9150003415758
13,Shift 3,2023-08-10 20:52:51,2023-08-10 22:15:33,82.7,1852.07,685.9519831830056
14,Shift 3,2023-08-10 22:15:34,2023-08-10 22:49:31,33.95,92.07,34.099877108689206
15,Shift 3,2023-08-10 22:49:31,2023-08-11 00:41:38,112.11666666666666,2171.59,804.2927700766794
1,Shift 1,2023-08-11 00:41:38,2023-08-11 02:55:08,133.5,2102.3,778.6297971051513
2,Shift 1,2023-08-11 02:55:08,2023-08-11 05:23:11,148.05,1439.69,533.2185902836155
3,Shift 1,2023-08-11 05:23:11,2023-08-11 07:10:11,107.0,1700.12,629.6741834568736
4,Shift 1,2023-08-11 07:10:11,2023-08-11 08:45:55,95.73333333333332,1681.49,622.774180765871
5,Shift 2,2023-08-11 08:45:55,2023-08-11 10:34:48,108.88333333333334,2095.7,776.1853517073724
6,Shift 2,2023-08-11 10:34:48,2023-08-11 12:30:27,115.65,1901.1,704.1112495243827
7,Shift 2,2023-08-11 12:30:28,2023-08-11 14:47:17,136.81666666666666,1623.54,601.3112094323445
8,Shift 2,2023-08-11 14:47:17,2023-08-11 16:27:54,100.61666666666666,1833.87,679.2112398133735
9,Shift 3,2023-08-11 16:27:54,2023-08-11 17:41:08,73.23333333333333,1248.62,462.45189601792254
10,Shift 3,2023-08-11 17:41:08,2023-08-11 18:09:30,28.366666666666667,441.29,163.44066829236695
1,Shift 2,2023-08-16 15:08:54,2023-08-16 15:09:02,0.1333333333333333,0.61,0.2257898237136472
2,Shift 2,2023-08-16 15:25:53,2023-08-16 15:26:01,0.1333333333333333,0.97,0.3591232090470301
3,Shift 2,2023-08-16 15:26:02,2023-08-16 15:38:31,12.483333333333333,120.4,44.59247379339681
4,Shift 2,2023-08-16 15:48:40,2023-08-16 15:48:48,0.1333333333333333,1.61,0.5961603385285998
5,Shift 2,2023-08-16 15:48:48,2023-08-16 15:59:24,10.6,160.14,59.31099805214302
6,Shift 2,2023-08-16 15:59:24,2023-08-16 16:39:42,40.3,1115.4,413.1111360342746
7,Shift 3,2023-08-16 16:39:42,2023-08-16 18:00:05,80.38333333333334,996.79,369.18148927207307
8,Shift 3,2023-08-16 18:00:05,2023-08-16 19:25:10,85.08333333333333,2260.12,837.081671753247
9,Shift 3,2023-08-16 19:25:10,2023-08-16 21:11:50,106.66666666666669,1987.77,736.2112620433948
10,Shift 3,2023-08-16 21:11:50,2023-08-16 22:32:37,80.78333333333333,1651.54,611.6815838471632
11,Shift 3,2023-08-16 22:32:37,2023-08-16 22:56:23,23.766666666666666,455.32,168.6369666152207
12,Shift 3,2023-08-16 22:56:23,2023-08-16 23:21:43,25.33333333333333,918.05,340.0185149355437
13,Shift 3,2023-08-16 23:21:43,2023-08-16 23:26:30,4.783333333333333,70.8,26.222096258575164
14,Shift 3,2023-08-16 23:26:30,2023-08-16 23:34:03,7.55,0.27,0.0998638486765634
15,Shift 3,2023-08-16 23:34:03,2023-08-17 00:16:53,42.833333333333336,819.32,303.45183400786345
1,Shift 1,2023-08-17 00:16:53,2023-08-17 00:56:31,39.63333333333333,182.61,67.63322352003502
2,Shift 1,2023-08-17 00:56:31,2023-08-17 01:17:20,20.816666666666663,711.1,263.3703368945893
3,Shift 1,2023-08-17 01:17:20,2023-08-17 03:04:20,107.0,1020.84,378.0889001533727
4,Shift 1,2023-08-17 03:04:20,2023-08-17 07:16:06,251.76666666666668,2492.63,923.1965201528716
5,Shift 1,2023-08-17 07:16:06,2023-08-17 09:38:51,142.75,1995.25,738.9816334942105
6,Shift 2,2023-08-17 09:52:40,2023-08-17 09:52:48,0.1333333333333333,4.36,1.6146792542697197
7,Shift 2,2023-08-17 09:52:48,2023-08-17 11:04:48,72.0,1464.98,542.5852606032857
8,Shift 2,2023-08-17 11:16:38,2023-08-17 11:17:15,0.6166666666666667,7.4,2.7406056193071757
9,Shift 2,2023-08-17 11:22:21,2023-08-17 11:22:29,0.1333333333333333,1.24,0.4591232480470673
10,Shift 2,2023-08-17 11:26:32,2023-08-17 11:26:39,0.1166666666666666,1.22,0.4517158377507683
11,Shift 2,2023-08-17 11:26:39,2023-08-17 13:17:26,110.78333333333332,1851.55,685.7593905153019
12,Shift 2,2023-08-17 13:17:26,2023-08-17 14:47:08,89.7,1759.07,651.507525305215
13,Shift 2,2023-08-17 14:47:08,2023-08-17 17:02:43,135.58333333333334,2335.76,865.0964974938502
14,Shift 3,2023-08-17 17:02:43,2023-08-17 18:04:29,61.766666666666666,1178.94,436.6444785456167
15,Shift 3,2023-08-17 18:04:29,2023-08-17 19:11:03,66.56666666666666,302.35,111.98138896397744
16,Shift 3,2023-08-17 19:11:03,2023-08-17 20:52:07,101.06666666666666,2031.69,752.4779350540674
17,Shift 3,2023-08-17 20:52:07,2023-08-17 22:55:52,123.75,1927.42,713.8594014743123
18,Shift 3,2023-08-17 22:55:52,2023-08-18 00:35:33,99.68333333333334,1945.07,720.3964410607962
1,Shift 1,2023-08-18 00:35:34,2023-08-18 02:30:49,115.25,2050.8,759.5557155921813
2,Shift 1,2023-08-18 02:30:49,2023-08-18 04:09:24,98.58333333333331,1722.48,637.955668168136
3,Shift 1,2023-08-18 04:09:24,2023-08-18 06:44:36,155.2,1767.27,654.5445635266976
4,Shift 1,2023-08-18 06:44:36,2023-08-18 08:45:12,120.6,1839.95,681.4630925434485
5,Shift 2,2023-08-18 08:45:12,2023-08-18 10:17:41,92.48333333333332,1813.53,671.6779035420374
6,Shift 2,2023-08-18 10:45:22,2023-08-18 11:31:40,46.3,199.3,73.81470741229657
7,Shift 2,2023-08-18 11:31:40,2023-08-18 13:26:44,115.06666666666666,1948.83,721.7890341965004
8,Shift 2,2023-08-18 13:26:44,2023-08-18 16:01:33,154.81666666666666,2574.12,953.3780134051422
9,Shift 3,2023-08-18 16:01:34,2023-08-18 17:44:47,103.21666666666668,2062.44,763.8668283846273
10,Shift 3,2023-08-18 17:44:47,2023-08-18 19:57:58,133.18333333333334,1727.54,639.8297429730997
11,Shift 3,2023-08-18 19:57:59,2023-08-18 22:22:15,144.26666666666668,1996.62,739.4890410995071
12,Shift 3,2023-08-18 22:22:15,2023-08-19 00:52:38,150.38333333333333,1962.76,726.9482954678728
1,Shift 1,2023-08-19 00:52:38,2023-08-19 03:09:09,136.51666666666668,2015.69,746.5520068170282
2,Shift 1,2023-08-19 03:09:09,2023-08-19 04:35:01,85.86666666666666,1471.55,545.0185948856199
3,Shift 1,2023-08-19 04:35:01,2023-08-19 06:27:09,112.13333333333334,1956.75,724.7223686738349
4,Shift 1,2023-08-19 06:27:09,2023-08-19 07:44:40,77.51666666666667,1414.09,523.7371051043527
5,Shift 1,2023-08-19 07:44:40,2023-08-19 10:42:28,177.8,1966.86,728.466814578614
6,Shift 2,2023-08-19 10:42:28,2023-08-19 13:29:31,167.05,2368.85,877.3520578290768
7,Shift 2,2023-08-19 13:29:31,2023-08-19 16:14:18,164.78333333333333,2191.59,811.7001803729784
8,Shift 3,2023-08-19 16:14:18,2023-08-19 18:28:53,134.58333333333334,2204.31,816.4112933214245
9,Shift 3,2023-08-19 18:28:53,2023-08-19 21:22:08,173.25,2085.51,772.4112761614083
10,Shift 3,2023-08-19 21:22:08,2023-08-19 23:14:17,112.15,1345.85,498.4630211733804
11,Shift 3,2023-08-19 23:14:17,2023-08-20 00:39:51,85.56666666666666,1714.13,634.8630743694312
1,Shift 1,2023-08-20 00:39:52,2023-08-20 00:40:25,0.55,0.02,0.0072712199728252
1,Shift 2,2023-08-21 11:12:47,2023-08-21 11:51:01,38.23333333333333,538.14,199.3110526521951
2,Shift 2,2023-08-21 11:51:01,2023-08-21 13:07:55,76.9,1808.71,669.8927176606294
3,Shift 2,2023-08-21 13:07:55,2023-08-21 14:21:33,73.63333333333334,1964.84,727.7186661386878
4,Shift 2,2023-08-21 14:21:33,2023-08-21 16:05:48,104.25,1931.91,715.5223650858316
5,Shift 3,2023-08-21 16:05:48,2023-08-21 17:22:25,76.61666666666666,1912.65,708.3890289704955
6,Shift 3,2023-08-21 17:22:25,2023-08-21 18:40:59,78.56666666666666,1698.25,628.9815905941697
7,Shift 3,2023-08-21 18:40:59,2023-08-21 20:33:47,112.8,2080.4,770.5186828307038
8,Shift 3,2023-08-21 20:33:47,2023-08-21 22:09:04,95.28333333333332,1835.53,679.8260548679664
9,Shift 3,2023-08-21 22:09:04,2023-08-22 00:00:34,111.5,1813.9,671.814940632519
1,Shift 1,2023-08-22 00:00:34,2023-08-22 02:18:14,137.66666666666666,2099.88,777.7335004592991
2,Shift 1,2023-08-22 02:18:14,2023-08-22 05:00:20,162.1,1734.2,642.2964106017672
3,Shift 1,2023-08-22 05:00:20,2023-08-22 05:52:29,52.15,1.07,0.3961602605285254
4,Shift 1,2023-08-22 05:52:29,2023-08-22 08:25:07,152.63333333333333,3.87,1.4331977020103923
5,Shift 2,2023-08-22 08:25:07,2023-08-22 09:03:39,38.53333333333333,1.04,0.3850491450840768
6,Shift 2,2023-08-22 09:03:39,2023-08-22 17:14:55,491.26666666666665,1535.25,568.6111966793324
7,Shift 3,2023-08-22 17:52:46,2023-08-22 17:52:54,0.1333333333333333,0.72,0.266530580343292
8,Shift 3,2023-08-22 18:45:02,2023-08-22 18:50:04,5.033333333333333,93.59,34.662840291207935
9,Shift 3,2023-08-22 18:50:04,2023-08-22 18:50:38,0.5666666666666667,11.54,4.273939550641078
10,Shift 3,2023-08-22 21:44:33,2023-08-22 22:09:43,25.166666666666668,79.62,29.48876419924305
11,Shift 3,2023-08-22 22:09:43,2023-08-22 23:07:05,57.36666666666667,1438.24,532.6815530371339
12,Shift 3,2023-08-22 23:16:50,2023-08-22 23:31:20,14.5,174.38,64.58507418310795
13,Shift 3,2023-08-22 23:31:20,2023-08-23 01:06:59,95.65,1919.77,711.0260670359779
1,Shift 1,2023-08-23 01:06:59,2023-08-23 03:07:40,120.68333333333334,2296.54,850.5705659028076
2,Shift 1,2023-08-23 03:07:40,2023-08-23 04:50:26,102.76666666666668,1826.31,676.4112387213725
3,Shift 1,2023-08-23 04:50:26,2023-08-23 05:50:50,60.4,1673.65,619.8704759297219
4,Shift 1,2023-08-23 05:50:50,2023-08-23 07:53:16,122.43333333333334,1339.35,496.0556128270832
5,Shift 1,2023-08-23 07:53:17,2023-08-23 09:24:54,91.61666666666666,1350.1,500.0370958613439
6,Shift 2,2023-08-23 09:24:54,2023-08-23 11:20:44,115.83333333333331,2147.22,795.2668406306389
7,Shift 2,2023-08-23 11:20:44,2023-08-23 12:53:30,92.76666666666668,1443.42,534.6000723038753
8,Shift 2,2023-08-23 12:53:30,2023-08-23 14:21:14,87.73333333333333,1077.72,399.1555750360472
9,Shift 2,2023-08-23 14:21:15,2023-08-23 16:42:55,141.66666666666666,2152.16,797.0964709738247
10,Shift 3,2023-08-23 16:42:55,2023-08-23 18:37:46,114.85,2030.88,752.1779349370673
11,Shift 3,2023-08-23 18:37:46,2023-08-23 20:20:07,102.35,1946.05,720.7594041653149
12,Shift 3,2023-08-23 20:20:07,2023-08-23 21:54:40,94.55,1680.33,622.3445509686857
13,Shift 3,2023-08-23 21:54:40,2023-08-23 23:09:39,74.98333333333333,1403.0,519.6296960950549
14,Shift 3,2023-08-23 23:09:39,2023-08-24 00:16:42,67.05,1081.68,400.6222422747144
1,Shift 1,2023-08-24 00:16:42,2023-08-24 00:50:33,33.85,499.9,185.1480841656713
2,Shift 1,2023-08-24 00:50:33,2023-08-24 02:46:03,115.5,1669.17,618.2112160233509
3,Shift 1,2023-08-24 02:46:03,2023-08-24 03:21:40,35.61666666666667,1148.43,425.3444741386125
4,Shift 1,2023-08-24 03:21:40,2023-08-24 03:50:53,29.216666666666665,531.47,196.84068131837932
5,Shift 1,2023-08-24 03:50:53,2023-08-24 05:26:29,95.6,1359.35,503.46302312338224
6,Shift 1,2023-08-24 05:26:29,2023-08-24 09:13:32,227.05,4203.62,1556.896767296107
7,Shift 2,2023-08-24 09:13:32,2023-08-24 12:52:37,219.0833333333333,2169.54,803.5335105213086
8,Shift 2,2023-08-24 12:52:37,2023-08-24 16:23:57,211.3333333333333,1384.75,512.870434199682
9,Shift 3,2023-08-24 16:23:57,2023-08-24 17:39:56,75.98333333333333,834.69,309.14442882056926
10,Shift 3,2023-08-24 17:39:56,2023-08-24 20:48:09,188.21666666666667,2504.5,927.5928181637252
11,Shift 3,2023-08-24 20:48:09,2023-08-24 21:00:51,12.7,254.35,94.2036042528597
12,Shift 3,2023-08-24 21:00:51,2023-08-24 22:39:31,98.66666666666669,2047.81,758.4483077528845
13,Shift 3,2023-08-24 22:39:31,2023-08-25 00:27:03,107.53333333333332,2054.83,761.0483087668854
1,Shift 1,2023-08-25 00:27:03,2023-08-25 01:48:31,81.46666666666667,1556.56,576.503792350039
2,Shift 1,2023-08-25 01:48:31,2023-08-25 03:51:20,122.81666666666666,1497.51,554.633413450216
3,Shift 1,2023-08-25 03:51:20,2023-08-25 05:39:06,107.76666666666668,2057.1,761.8890498355154
4,Shift 1,2023-08-25 05:39:06,2023-08-25 07:41:06,122.0,1931.84,715.4964391497944
5,Shift 1,2023-08-25 07:41:06,2023-08-25 10:59:33,198.45,1761.24,652.3112293223635
1,Shift 2,2023-08-28 12:07:52,2023-08-28 13:09:11,61.31666666666667,456.56,169.09622605359127
2,Shift 2,2023-08-28 13:09:11,2023-08-28 14:55:21,106.16666666666669,1632.97,604.8038033870496
3,Shift 2,2023-08-28 14:55:21,2023-08-28 18:41:06,225.75,4312.31,1597.1523385513449
4,Shift 3,2023-08-28 18:41:06,2023-08-28 20:49:31,128.41666666666666,2400.37,889.0261364560441
5,Shift 3,2023-08-28 20:49:31,2023-08-28 22:37:32,108.01666666666668,1640.98,607.7704712107173
6,Shift 3,2023-08-28 22:37:32,2023-08-29 00:08:42,91.16666666666669,1533.41,567.9297149320729
1,Shift 1,2023-08-29 00:08:42,2023-08-29 03:06:02,177.33333333333334,2466.14,913.3854052154236
2,Shift 1,2023-08-29 03:06:02,2023-08-29 05:55:43,169.68333333333334,1942.23,719.3445887987218
3,Shift 1,2023-08-29 05:55:43,2023-08-29 08:04:02,128.31666666666666,1561.53,578.3445338086693
4,Shift 2,2023-08-29 08:04:02,2023-08-29 09:24:43,80.68333333333334,1280.92,474.4148636464456
5,Shift 2,2023-08-29 09:24:43,2023-08-29 10:42:35,77.86666666666666,1719.42,636.8223343928022
6,Shift 2,2023-08-29 10:42:35,2023-08-29 14:04:37,202.03333333333333,2168.61,803.1890659425308
7,Shift 2,2023-08-29 14:04:37,2023-08-29 15:13:03,68.43333333333334,1486.36,550.5037822100294
8,Shift 2,2023-08-29 15:13:03,2023-08-29 16:12:11,59.13333333333333,976.58,361.6963011676629
9,Shift 3,2023-08-29 16:12:11,2023-08-29 17:35:55,83.73333333333333,1719.33,636.7890010464688
10,Shift 3,2023-08-29 17:35:55,2023-08-29 19:55:17,139.36666666666667,2234.76,827.6890754975399
11,Shift 3,2023-08-29 19:55:18,2023-08-29 21:17:18,82.0,1161.5,430.1852167672439
12,Shift 3,2023-08-29 21:17:18,2023-08-29 21:39:00,21.7,180.48,66.84433432347916
13,Shift 3,2023-08-29 21:39:00,2023-08-30 00:51:41,192.6833333333333,3069.31,1136.7817886363584
1,Shift 1,2023-08-30 00:51:41,2023-08-30 02:13:09,81.46666666666667,1593.65,590.2408347445256
2,Shift 2,2023-08-30 10:36:53,2023-08-30 11:59:34,82.68333333333334,997.05,369.2777856059249
3,Shift 2,2023-08-30 11:59:34,2023-08-30 13:42:18,102.73333333333332,2131.87,789.5816532282294
4,Shift 2,2023-08-30 13:42:18,2023-08-30 15:13:31,91.21666666666668,1770.39,655.7001195329203
5,Shift 2,2023-08-30 15:13:31,2023-08-30 17:11:29,117.96666666666668,2438.53,903.1594753013828
6,Shift 3,2023-08-30 17:11:30,2023-08-30 18:43:46,92.26666666666668,1966.07,728.1742218719103
7,Shift 3,2023-08-30 18:43:47,2023-08-30 19:42:29,58.7,1169.63,433.1963290526895
8,Shift 3,2023-08-30 19:42:29,2023-08-30 21:59:06,136.61666666666667,1404.6,520.2222889187589
9,Shift 3,2023-08-30 21:59:06,2023-08-31 00:36:04,156.96666666666667,1797.55,665.7593827152945
1,Shift 1,2023-08-31 00:36:04,2023-08-31 02:15:50,99.76666666666668,1872.85,693.6482824808603
2,Shift 1,2023-08-31 02:15:50,2023-08-31 02:52:50,37.0,0.62,0.2294935288617967
3,Shift 1,2023-08-31 02:52:50,2023-08-31 04:57:48,124.96666666666668,1851.74,685.8297609131167
4,Shift 1,2023-08-31 04:57:48,2023-08-31 07:05:20,127.53333333333332,2270.02,840.748339849915
